run_id,condition,is_injected_failure,model_validation,evidence_complete,ai_discovery_present,evaluation_result,approval,trace_consistent,run_available,baseline_verdict,gate_verdict,expected_gate_verdict
fi-0001,valid,False,passed,True,True,pass,granted,True,True,VALID,VALID,VALID
fi-0002,valid,False,passed,True,True,pass,granted,True,True,VALID,VALID,VALID
fi-0003,valid,False,passed,True,True,pass,granted,True,True,VALID,VALID,VALID
fi-0004,valid,False,passed,True,True,pass,granted,True,True,VALID,VALID,VALID
fi-0005,valid,False,passed,True,True,pass,granted,True,True,VALID,VALID,VALID
fi-0006,valid,False,passed,True,True,pass,granted,True,True,VALID,VALID,VALID
fi-0007,valid,False,passed,True,True,pass,granted,True,True,VALID,VALID,VALID
fi-0008,valid,False,passed,True,True,pass,granted,True,True,VALID,VALID,VALID
fi-0009,valid,False,passed,True,True,pass,granted,True,True,VALID,VALID,VALID
fi-0010,valid,False,passed,True,True,pass,granted,True,True,VALID,VALID,VALID
fi-0011,valid,False,passed,True,True,pass,granted,True,True,VALID,VALID,VALID
fi-0012,valid,False,passed,True,True,pass,granted,True,True,VALID,VALID,VALID
fi-0013,valid,False,passed,True,True,pass,granted,True,True,VALID,VALID,VALID
fi-0014,valid,False,passed,True,True,pass,granted,True,True,VALID,VALID,VALID
fi-0015,valid,False,passed,True,True,pass,granted,True,True,VALID,VALID,VALID
fi-0016,valid,False,passed,True,True,pass,granted,True,True,VALID,VALID,VALID
fi-0017,valid,False,passed,True,True,pass,granted,True,True,VALID,VALID,VALID
fi-0018,valid,False,passed,True,True,pass,granted,True,True,VALID,VALID,VALID
fi-0019,valid,False,passed,True,True,pass,granted,True,True,VALID,VALID,VALID
fi-0020,valid,False,passed,True,True,pass,granted,True,True,VALID,VALID,VALID
fi-0021,valid,False,passed,True,True,pass,granted,True,True,VALID,VALID,VALID
fi-0022,valid,False,passed,True,True,pass,granted,True,True,VALID,VALID,VALID
fi-0023,valid,False,passed,True,True,pass,granted,True,True,VALID,VALID,VALID
fi-0024,valid,False,passed,True,True,pass,granted,True,True,VALID,VALID,VALID
fi-0025,valid,False,passed,True,True,pass,granted,True,True,VALID,VALID,VALID
fi-0026,valid,False,passed,True,True,pass,granted,True,True,VALID,VALID,VALID
fi-0027,valid,False,passed,True,True,pass,granted,True,True,VALID,VALID,VALID
fi-0028,valid,False,passed,True,True,pass,granted,True,True,VALID,VALID,VALID
fi-0029,valid,False,passed,True,True,pass,granted,True,True,VALID,VALID,VALID
fi-0030,valid,False,passed,True,True,pass,granted,True,True,VALID,VALID,VALID
fi-0031,valid,False,passed,True,True,pass,granted,True,True,VALID,VALID,VALID
fi-0032,valid,False,passed,True,True,pass,granted,True,True,VALID,VALID,VALID
fi-0033,valid,False,passed,True,True,pass,granted,True,True,VALID,VALID,VALID
fi-0034,valid,False,passed,True,True,pass,granted,True,True,VALID,VALID,VALID
fi-0035,valid,False,passed,True,True,pass,granted,True,True,VALID,VALID,VALID
fi-0036,valid,False,passed,True,True,pass,granted,True,True,VALID,VALID,VALID
fi-0037,valid,False,passed,True,True,pass,granted,True,True,VALID,VALID,VALID
fi-0038,valid,False,passed,True,True,pass,granted,True,True,VALID,VALID,VALID
fi-0039,valid,False,passed,True,True,pass,granted,True,True,VALID,VALID,VALID
fi-0040,valid,False,passed,True,True,pass,granted,True,True,VALID,VALID,VALID
fi-0041,valid,False,passed,True,True,pass,granted,True,True,VALID,VALID,VALID
fi-0042,valid,False,passed,True,True,pass,granted,True,True,VALID,VALID,VALID
fi-0043,valid,False,passed,True,True,pass,granted,True,True,VALID,VALID,VALID
fi-0044,valid,False,passed,True,True,pass,granted,True,True,VALID,VALID,VALID
fi-0045,valid,False,passed,True,True,pass,granted,True,True,VALID,VALID,VALID
fi-0046,valid,False,passed,True,True,pass,granted,True,True,VALID,VALID,VALID
fi-0047,valid,False,passed,True,True,pass,granted,True,True,VALID,VALID,VALID
fi-0048,valid,False,passed,True,True,pass,granted,True,True,VALID,VALID,VALID
fi-0049,valid,False,passed,True,True,pass,granted,True,True,VALID,VALID,VALID
fi-0050,valid,False,passed,True,True,pass,granted,True,True,VALID,VALID,VALID
fi-0051,valid,False,passed,True,True,pass,granted,True,True,VALID,VALID,VALID
fi-0052,valid,False,passed,True,True,pass,granted,True,True,VALID,VALID,VALID
fi-0053,valid,False,passed,True,True,pass,granted,True,True,VALID,VALID,VALID
fi-0054,valid,False,passed,True,True,pass,granted,True,True,VALID,VALID,VALID
fi-0055,valid,False,passed,True,True,pass,granted,True,True,VALID,VALID,VALID
fi-0056,valid,False,passed,True,True,pass,granted,True,True,VALID,VALID,VALID
fi-0057,valid,False,passed,True,True,pass,granted,True,True,VALID,VALID,VALID
fi-0058,valid,False,passed,True,True,pass,granted,True,True,VALID,VALID,VALID
fi-0059,valid,False,passed,True,True,pass,granted,True,True,VALID,VALID,VALID
fi-0060,valid,False,passed,True,True,pass,granted,True,True,VALID,VALID,VALID
fi-0061,valid,False,passed,True,True,pass,granted,True,True,VALID,VALID,VALID
fi-0062,valid,False,passed,True,True,pass,granted,True,True,VALID,VALID,VALID
fi-0063,valid,False,passed,True,True,pass,granted,True,True,VALID,VALID,VALID
fi-0064,valid,False,passed,True,True,pass,granted,True,True,VALID,VALID,VALID
fi-0065,valid,False,passed,True,True,pass,granted,True,True,VALID,VALID,VALID
fi-0066,valid,False,passed,True,True,pass,granted,True,True,VALID,VALID,VALID
fi-0067,valid,False,passed,True,True,pass,granted,True,True,VALID,VALID,VALID
fi-0068,valid,False,passed,True,True,pass,granted,True,True,VALID,VALID,VALID
fi-0069,valid,False,passed,True,True,pass,granted,True,True,VALID,VALID,VALID
fi-0070,valid,False,passed,True,True,pass,granted,True,True,VALID,VALID,VALID
fi-0071,valid,False,passed,True,True,pass,granted,True,True,VALID,VALID,VALID
fi-0072,valid,False,passed,True,True,pass,granted,True,True,VALID,VALID,VALID
fi-0073,valid,False,passed,True,True,pass,granted,True,True,VALID,VALID,VALID
fi-0074,valid,False,passed,True,True,pass,granted,True,True,VALID,VALID,VALID
fi-0075,valid,False,passed,True,True,pass,granted,True,True,VALID,VALID,VALID
fi-0076,valid,False,passed,True,True,pass,granted,True,True,VALID,VALID,VALID
fi-0077,valid,False,passed,True,True,pass,granted,True,True,VALID,VALID,VALID
fi-0078,valid,False,passed,True,True,pass,granted,True,True,VALID,VALID,VALID
fi-0079,valid,False,passed,True,True,pass,granted,True,True,VALID,VALID,VALID
fi-0080,valid,False,passed,True,True,pass,granted,True,True,VALID,VALID,VALID
fi-0081,valid,False,passed,True,True,pass,granted,True,True,VALID,VALID,VALID
fi-0082,valid,False,passed,True,True,pass,granted,True,True,VALID,VALID,VALID
fi-0083,valid,False,passed,True,True,pass,granted,True,True,VALID,VALID,VALID
fi-0084,valid,False,passed,True,True,pass,granted,True,True,VALID,VALID,VALID
fi-0085,valid,False,passed,True,True,pass,granted,True,True,VALID,VALID,VALID
fi-0086,valid,False,passed,True,True,pass,granted,True,True,VALID,VALID,VALID
fi-0087,valid,False,passed,True,True,pass,granted,True,True,VALID,VALID,VALID
fi-0088,valid,False,passed,True,True,pass,granted,True,True,VALID,VALID,VALID
fi-0089,valid,False,passed,True,True,pass,granted,True,True,VALID,VALID,VALID
fi-0090,valid,False,passed,True,True,pass,granted,True,True,VALID,VALID,VALID
fi-0091,valid,False,passed,True,True,pass,granted,True,True,VALID,VALID,VALID
fi-0092,valid,False,passed,True,True,pass,granted,True,True,VALID,VALID,VALID
fi-0093,valid,False,passed,True,True,pass,granted,True,True,VALID,VALID,VALID
fi-0094,valid,False,passed,True,True,pass,granted,True,True,VALID,VALID,VALID
fi-0095,valid,False,passed,True,True,pass,granted,True,True,VALID,VALID,VALID
fi-0096,valid,False,passed,True,True,pass,granted,True,True,VALID,VALID,VALID
fi-0097,valid,False,passed,True,True,pass,granted,True,True,VALID,VALID,VALID
fi-0098,valid,False,passed,True,True,pass,granted,True,True,VALID,VALID,VALID
fi-0099,valid,False,passed,True,True,pass,granted,True,True,VALID,VALID,VALID
fi-0100,valid,False,passed,True,True,pass,granted,True,True,VALID,VALID,VALID
fi-0101,noisy_but_valid,False,failed,True,True,pass,granted,True,True,INVALID,VALID,VALID
fi-0102,noisy_but_valid,False,failed,True,True,pass,granted,True,True,INVALID,VALID,VALID
fi-0103,noisy_but_valid,False,failed,True,True,pass,granted,True,True,INVALID,VALID,VALID
fi-0104,noisy_but_valid,False,failed,True,True,pass,granted,True,True,INVALID,VALID,VALID
fi-0105,noisy_but_valid,False,failed,True,True,pass,granted,True,True,INVALID,VALID,VALID
fi-0106,noisy_but_valid,False,failed,True,True,pass,granted,True,True,INVALID,VALID,VALID
fi-0107,noisy_but_valid,False,failed,True,True,pass,granted,True,True,INVALID,VALID,VALID
fi-0108,noisy_but_valid,False,failed,True,True,pass,granted,True,True,INVALID,VALID,VALID
fi-0109,noisy_but_valid,False,failed,True,True,pass,granted,True,True,INVALID,VALID,VALID
fi-0110,noisy_but_valid,False,failed,True,True,pass,granted,True,True,INVALID,VALID,VALID
fi-0111,noisy_but_valid,False,failed,True,True,pass,granted,True,True,INVALID,VALID,VALID
fi-0112,noisy_but_valid,False,failed,True,True,pass,granted,True,True,INVALID,VALID,VALID
fi-0113,noisy_but_valid,False,failed,True,True,pass,granted,True,True,INVALID,VALID,VALID
fi-0114,noisy_but_valid,False,failed,True,True,pass,granted,True,True,INVALID,VALID,VALID
fi-0115,noisy_but_valid,False,failed,True,True,pass,granted,True,True,INVALID,VALID,VALID
fi-0116,noisy_but_valid,False,failed,True,True,pass,granted,True,True,INVALID,VALID,VALID
fi-0117,noisy_but_valid,False,failed,True,True,pass,granted,True,True,INVALID,VALID,VALID
fi-0118,noisy_but_valid,False,failed,True,True,pass,granted,True,True,INVALID,VALID,VALID
fi-0119,noisy_but_valid,False,failed,True,True,pass,granted,True,True,INVALID,VALID,VALID
fi-0120,noisy_but_valid,False,failed,True,True,pass,granted,True,True,INVALID,VALID,VALID
fi-0121,noisy_but_valid,False,failed,True,True,pass,granted,True,True,INVALID,VALID,VALID
fi-0122,noisy_but_valid,False,failed,True,True,pass,granted,True,True,INVALID,VALID,VALID
fi-0123,noisy_but_valid,False,failed,True,True,pass,granted,True,True,INVALID,VALID,VALID
fi-0124,noisy_but_valid,False,failed,True,True,pass,granted,True,True,INVALID,VALID,VALID
fi-0125,noisy_but_valid,False,failed,True,True,pass,granted,True,True,INVALID,VALID,VALID
fi-0126,noisy_but_valid,False,failed,True,True,pass,granted,True,True,INVALID,VALID,VALID
fi-0127,noisy_but_valid,False,failed,True,True,pass,granted,True,True,INVALID,VALID,VALID
fi-0128,noisy_but_valid,False,failed,True,True,pass,granted,True,True,INVALID,VALID,VALID
fi-0129,noisy_but_valid,False,failed,True,True,pass,granted,True,True,INVALID,VALID,VALID
fi-0130,noisy_but_valid,False,failed,True,True,pass,granted,True,True,INVALID,VALID,VALID
fi-0131,noisy_but_valid,False,failed,True,True,pass,granted,True,True,INVALID,VALID,VALID
fi-0132,noisy_but_valid,False,failed,True,True,pass,granted,True,True,INVALID,VALID,VALID
fi-0133,noisy_but_valid,False,failed,True,True,pass,granted,True,True,INVALID,VALID,VALID
fi-0134,noisy_but_valid,False,failed,True,True,pass,granted,True,True,INVALID,VALID,VALID
fi-0135,noisy_but_valid,False,failed,True,True,pass,granted,True,True,INVALID,VALID,VALID
fi-0136,noisy_but_valid,False,failed,True,True,pass,granted,True,True,INVALID,VALID,VALID
fi-0137,noisy_but_valid,False,failed,True,True,pass,granted,True,True,INVALID,VALID,VALID
fi-0138,noisy_but_valid,False,failed,True,True,pass,granted,True,True,INVALID,VALID,VALID
fi-0139,noisy_but_valid,False,failed,True,True,pass,granted,True,True,INVALID,VALID,VALID
fi-0140,noisy_but_valid,False,failed,True,True,pass,granted,True,True,INVALID,VALID,VALID
fi-0141,noisy_but_valid,False,failed,True,True,pass,granted,True,True,INVALID,VALID,VALID
fi-0142,noisy_but_valid,False,failed,True,True,pass,granted,True,True,INVALID,VALID,VALID
fi-0143,noisy_but_valid,False,failed,True,True,pass,granted,True,True,INVALID,VALID,VALID
fi-0144,noisy_but_valid,False,failed,True,True,pass,granted,True,True,INVALID,VALID,VALID
fi-0145,noisy_but_valid,False,failed,True,True,pass,granted,True,True,INVALID,VALID,VALID
fi-0146,noisy_but_valid,False,failed,True,True,pass,granted,True,True,INVALID,VALID,VALID
fi-0147,noisy_but_valid,False,failed,True,True,pass,granted,True,True,INVALID,VALID,VALID
fi-0148,noisy_but_valid,False,failed,True,True,pass,granted,True,True,INVALID,VALID,VALID
fi-0149,noisy_but_valid,False,failed,True,True,pass,granted,True,True,INVALID,VALID,VALID
fi-0150,noisy_but_valid,False,failed,True,True,pass,granted,True,True,INVALID,VALID,VALID
fi-0151,noisy_but_valid,False,failed,True,True,pass,granted,True,True,INVALID,VALID,VALID
fi-0152,noisy_but_valid,False,failed,True,True,pass,granted,True,True,INVALID,VALID,VALID
fi-0153,noisy_but_valid,False,failed,True,True,pass,granted,True,True,INVALID,VALID,VALID
fi-0154,noisy_but_valid,False,failed,True,True,pass,granted,True,True,INVALID,VALID,VALID
fi-0155,noisy_but_valid,False,failed,True,True,pass,granted,True,True,INVALID,VALID,VALID
fi-0156,noisy_but_valid,False,failed,True,True,pass,granted,True,True,INVALID,VALID,VALID
fi-0157,noisy_but_valid,False,failed,True,True,pass,granted,True,True,INVALID,VALID,VALID
fi-0158,noisy_but_valid,False,failed,True,True,pass,granted,True,True,INVALID,VALID,VALID
fi-0159,noisy_but_valid,False,failed,True,True,pass,granted,True,True,INVALID,VALID,VALID
fi-0160,noisy_but_valid,False,failed,True,True,pass,granted,True,True,INVALID,VALID,VALID
fi-0161,noisy_but_valid,False,failed,True,True,pass,granted,True,True,INVALID,VALID,VALID
fi-0162,noisy_but_valid,False,failed,True,True,pass,granted,True,True,INVALID,VALID,VALID
fi-0163,noisy_but_valid,False,failed,True,True,pass,granted,True,True,INVALID,VALID,VALID
fi-0164,noisy_but_valid,False,failed,True,True,pass,granted,True,True,INVALID,VALID,VALID
fi-0165,noisy_but_valid,False,failed,True,True,pass,granted,True,True,INVALID,VALID,VALID
fi-0166,noisy_but_valid,False,failed,True,True,pass,granted,True,True,INVALID,VALID,VALID
fi-0167,noisy_but_valid,False,failed,True,True,pass,granted,True,True,INVALID,VALID,VALID
fi-0168,noisy_but_valid,False,failed,True,True,pass,granted,True,True,INVALID,VALID,VALID
fi-0169,noisy_but_valid,False,failed,True,True,pass,granted,True,True,INVALID,VALID,VALID
fi-0170,noisy_but_valid,False,failed,True,True,pass,granted,True,True,INVALID,VALID,VALID
fi-0171,noisy_but_valid,False,failed,True,True,pass,granted,True,True,INVALID,VALID,VALID
fi-0172,noisy_but_valid,False,failed,True,True,pass,granted,True,True,INVALID,VALID,VALID
fi-0173,noisy_but_valid,False,failed,True,True,pass,granted,True,True,INVALID,VALID,VALID
fi-0174,noisy_but_valid,False,failed,True,True,pass,granted,True,True,INVALID,VALID,VALID
fi-0175,noisy_but_valid,False,failed,True,True,pass,granted,True,True,INVALID,VALID,VALID
fi-0176,noisy_but_valid,False,failed,True,True,pass,granted,True,True,INVALID,VALID,VALID
fi-0177,noisy_but_valid,False,failed,True,True,pass,granted,True,True,INVALID,VALID,VALID
fi-0178,noisy_but_valid,False,failed,True,True,pass,granted,True,True,INVALID,VALID,VALID
fi-0179,noisy_but_valid,False,failed,True,True,pass,granted,True,True,INVALID,VALID,VALID
fi-0180,noisy_but_valid,False,failed,True,True,pass,granted,True,True,INVALID,VALID,VALID
fi-0181,noisy_but_valid,False,failed,True,True,pass,granted,True,True,INVALID,VALID,VALID
fi-0182,noisy_but_valid,False,failed,True,True,pass,granted,True,True,INVALID,VALID,VALID
fi-0183,noisy_but_valid,False,failed,True,True,pass,granted,True,True,INVALID,VALID,VALID
fi-0184,noisy_but_valid,False,failed,True,True,pass,granted,True,True,INVALID,VALID,VALID
fi-0185,noisy_but_valid,False,failed,True,True,pass,granted,True,True,INVALID,VALID,VALID
fi-0186,noisy_but_valid,False,failed,True,True,pass,granted,True,True,INVALID,VALID,VALID
fi-0187,noisy_but_valid,False,failed,True,True,pass,granted,True,True,INVALID,VALID,VALID
fi-0188,noisy_but_valid,False,failed,True,True,pass,granted,True,True,INVALID,VALID,VALID
fi-0189,noisy_but_valid,False,failed,True,True,pass,granted,True,True,INVALID,VALID,VALID
fi-0190,noisy_but_valid,False,failed,True,True,pass,granted,True,True,INVALID,VALID,VALID
fi-0191,noisy_but_valid,False,failed,True,True,pass,granted,True,True,INVALID,VALID,VALID
fi-0192,noisy_but_valid,False,failed,True,True,pass,granted,True,True,INVALID,VALID,VALID
fi-0193,noisy_but_valid,False,failed,True,True,pass,granted,True,True,INVALID,VALID,VALID
fi-0194,noisy_but_valid,False,failed,True,True,pass,granted,True,True,INVALID,VALID,VALID
fi-0195,noisy_but_valid,False,failed,True,True,pass,granted,True,True,INVALID,VALID,VALID
fi-0196,noisy_but_valid,False,failed,True,True,pass,granted,True,True,INVALID,VALID,VALID
fi-0197,noisy_but_valid,False,failed,True,True,pass,granted,True,True,INVALID,VALID,VALID
fi-0198,noisy_but_valid,False,failed,True,True,pass,granted,True,True,INVALID,VALID,VALID
fi-0199,noisy_but_valid,False,failed,True,True,pass,granted,True,True,INVALID,VALID,VALID
fi-0200,noisy_but_valid,False,failed,True,True,pass,granted,True,True,INVALID,VALID,VALID
fi-0201,missing_audit_evidence,True,passed,False,True,pass,granted,True,True,VALID,BLOCKED,BLOCKED
fi-0202,missing_audit_evidence,True,passed,False,True,pass,granted,True,True,VALID,BLOCKED,BLOCKED
fi-0203,missing_audit_evidence,True,passed,False,True,pass,granted,True,True,VALID,BLOCKED,BLOCKED
fi-0204,missing_audit_evidence,True,passed,False,True,pass,granted,True,True,VALID,BLOCKED,BLOCKED
fi-0205,missing_audit_evidence,True,passed,False,True,pass,granted,True,True,VALID,BLOCKED,BLOCKED
fi-0206,missing_audit_evidence,True,passed,False,True,pass,granted,True,True,VALID,BLOCKED,BLOCKED
fi-0207,missing_audit_evidence,True,passed,False,True,pass,granted,True,True,VALID,BLOCKED,BLOCKED
fi-0208,missing_audit_evidence,True,passed,False,True,pass,granted,True,True,VALID,BLOCKED,BLOCKED
fi-0209,missing_audit_evidence,True,passed,False,True,pass,granted,True,True,VALID,BLOCKED,BLOCKED
fi-0210,missing_audit_evidence,True,passed,False,True,pass,granted,True,True,VALID,BLOCKED,BLOCKED
fi-0211,missing_audit_evidence,True,passed,False,True,pass,granted,True,True,VALID,BLOCKED,BLOCKED
fi-0212,missing_audit_evidence,True,passed,False,True,pass,granted,True,True,VALID,BLOCKED,BLOCKED
fi-0213,missing_audit_evidence,True,passed,False,True,pass,granted,True,True,VALID,BLOCKED,BLOCKED
fi-0214,missing_audit_evidence,True,passed,False,True,pass,granted,True,True,VALID,BLOCKED,BLOCKED
fi-0215,missing_audit_evidence,True,passed,False,True,pass,granted,True,True,VALID,BLOCKED,BLOCKED
fi-0216,missing_audit_evidence,True,passed,False,True,pass,granted,True,True,VALID,BLOCKED,BLOCKED
fi-0217,missing_audit_evidence,True,passed,False,True,pass,granted,True,True,VALID,BLOCKED,BLOCKED
fi-0218,missing_audit_evidence,True,passed,False,True,pass,granted,True,True,VALID,BLOCKED,BLOCKED
fi-0219,missing_audit_evidence,True,passed,False,True,pass,granted,True,True,VALID,BLOCKED,BLOCKED
fi-0220,missing_audit_evidence,True,passed,False,True,pass,granted,True,True,VALID,BLOCKED,BLOCKED
fi-0221,missing_audit_evidence,True,passed,False,True,pass,granted,True,True,VALID,BLOCKED,BLOCKED
fi-0222,missing_audit_evidence,True,passed,False,True,pass,granted,True,True,VALID,BLOCKED,BLOCKED
fi-0223,missing_audit_evidence,True,passed,False,True,pass,granted,True,True,VALID,BLOCKED,BLOCKED
fi-0224,missing_audit_evidence,True,passed,False,True,pass,granted,True,True,VALID,BLOCKED,BLOCKED
fi-0225,missing_audit_evidence,True,passed,False,True,pass,granted,True,True,VALID,BLOCKED,BLOCKED
fi-0226,missing_audit_evidence,True,passed,False,True,pass,granted,True,True,VALID,BLOCKED,BLOCKED
fi-0227,missing_audit_evidence,True,passed,False,True,pass,granted,True,True,VALID,BLOCKED,BLOCKED
fi-0228,missing_audit_evidence,True,passed,False,True,pass,granted,True,True,VALID,BLOCKED,BLOCKED
fi-0229,missing_audit_evidence,True,passed,False,True,pass,granted,True,True,VALID,BLOCKED,BLOCKED
fi-0230,missing_audit_evidence,True,passed,False,True,pass,granted,True,True,VALID,BLOCKED,BLOCKED
fi-0231,missing_audit_evidence,True,passed,False,True,pass,granted,True,True,VALID,BLOCKED,BLOCKED
fi-0232,missing_audit_evidence,True,passed,False,True,pass,granted,True,True,VALID,BLOCKED,BLOCKED
fi-0233,missing_audit_evidence,True,passed,False,True,pass,granted,True,True,VALID,BLOCKED,BLOCKED
fi-0234,missing_audit_evidence,True,passed,False,True,pass,granted,True,True,VALID,BLOCKED,BLOCKED
fi-0235,missing_audit_evidence,True,passed,False,True,pass,granted,True,True,VALID,BLOCKED,BLOCKED
fi-0236,missing_audit_evidence,True,passed,False,True,pass,granted,True,True,VALID,BLOCKED,BLOCKED
fi-0237,missing_audit_evidence,True,passed,False,True,pass,granted,True,True,VALID,BLOCKED,BLOCKED
fi-0238,missing_audit_evidence,True,passed,False,True,pass,granted,True,True,VALID,BLOCKED,BLOCKED
fi-0239,missing_audit_evidence,True,passed,False,True,pass,granted,True,True,VALID,BLOCKED,BLOCKED
fi-0240,missing_audit_evidence,True,passed,False,True,pass,granted,True,True,VALID,BLOCKED,BLOCKED
fi-0241,missing_audit_evidence,True,passed,False,True,pass,granted,True,True,VALID,BLOCKED,BLOCKED
fi-0242,missing_audit_evidence,True,passed,False,True,pass,granted,True,True,VALID,BLOCKED,BLOCKED
fi-0243,missing_audit_evidence,True,passed,False,True,pass,granted,True,True,VALID,BLOCKED,BLOCKED
fi-0244,missing_audit_evidence,True,passed,False,True,pass,granted,True,True,VALID,BLOCKED,BLOCKED
fi-0245,missing_audit_evidence,True,passed,False,True,pass,granted,True,True,VALID,BLOCKED,BLOCKED
fi-0246,missing_audit_evidence,True,passed,False,True,pass,granted,True,True,VALID,BLOCKED,BLOCKED
fi-0247,missing_audit_evidence,True,passed,False,True,pass,granted,True,True,VALID,BLOCKED,BLOCKED
fi-0248,missing_audit_evidence,True,passed,False,True,pass,granted,True,True,VALID,BLOCKED,BLOCKED
fi-0249,missing_audit_evidence,True,passed,False,True,pass,granted,True,True,VALID,BLOCKED,BLOCKED
fi-0250,missing_audit_evidence,True,passed,False,True,pass,granted,True,True,VALID,BLOCKED,BLOCKED
fi-0251,missing_audit_evidence,True,passed,False,True,pass,granted,True,True,VALID,BLOCKED,BLOCKED
fi-0252,missing_audit_evidence,True,passed,False,True,pass,granted,True,True,VALID,BLOCKED,BLOCKED
fi-0253,missing_audit_evidence,True,passed,False,True,pass,granted,True,True,VALID,BLOCKED,BLOCKED
fi-0254,missing_audit_evidence,True,passed,False,True,pass,granted,True,True,VALID,BLOCKED,BLOCKED
fi-0255,missing_audit_evidence,True,passed,False,True,pass,granted,True,True,VALID,BLOCKED,BLOCKED
fi-0256,missing_audit_evidence,True,passed,False,True,pass,granted,True,True,VALID,BLOCKED,BLOCKED
fi-0257,missing_audit_evidence,True,passed,False,True,pass,granted,True,True,VALID,BLOCKED,BLOCKED
fi-0258,missing_audit_evidence,True,passed,False,True,pass,granted,True,True,VALID,BLOCKED,BLOCKED
fi-0259,missing_audit_evidence,True,passed,False,True,pass,granted,True,True,VALID,BLOCKED,BLOCKED
fi-0260,missing_audit_evidence,True,passed,False,True,pass,granted,True,True,VALID,BLOCKED,BLOCKED
fi-0261,missing_audit_evidence,True,passed,False,True,pass,granted,True,True,VALID,BLOCKED,BLOCKED
fi-0262,missing_audit_evidence,True,passed,False,True,pass,granted,True,True,VALID,BLOCKED,BLOCKED
fi-0263,missing_audit_evidence,True,passed,False,True,pass,granted,True,True,VALID,BLOCKED,BLOCKED
fi-0264,missing_audit_evidence,True,passed,False,True,pass,granted,True,True,VALID,BLOCKED,BLOCKED
fi-0265,missing_audit_evidence,True,passed,False,True,pass,granted,True,True,VALID,BLOCKED,BLOCKED
fi-0266,missing_audit_evidence,True,passed,False,True,pass,granted,True,True,VALID,BLOCKED,BLOCKED
fi-0267,missing_audit_evidence,True,passed,False,True,pass,granted,True,True,VALID,BLOCKED,BLOCKED
fi-0268,missing_audit_evidence,True,passed,False,True,pass,granted,True,True,VALID,BLOCKED,BLOCKED
fi-0269,missing_audit_evidence,True,passed,False,True,pass,granted,True,True,VALID,BLOCKED,BLOCKED
fi-0270,missing_audit_evidence,True,passed,False,True,pass,granted,True,True,VALID,BLOCKED,BLOCKED
fi-0271,missing_audit_evidence,True,passed,False,True,pass,granted,True,True,VALID,BLOCKED,BLOCKED
fi-0272,missing_audit_evidence,True,passed,False,True,pass,granted,True,True,VALID,BLOCKED,BLOCKED
fi-0273,missing_audit_evidence,True,passed,False,True,pass,granted,True,True,VALID,BLOCKED,BLOCKED
fi-0274,missing_audit_evidence,True,passed,False,True,pass,granted,True,True,VALID,BLOCKED,BLOCKED
fi-0275,missing_audit_evidence,True,passed,False,True,pass,granted,True,True,VALID,BLOCKED,BLOCKED
fi-0276,missing_audit_evidence,True,passed,False,True,pass,granted,True,True,VALID,BLOCKED,BLOCKED
fi-0277,missing_audit_evidence,True,passed,False,True,pass,granted,True,True,VALID,BLOCKED,BLOCKED
fi-0278,missing_audit_evidence,True,passed,False,True,pass,granted,True,True,VALID,BLOCKED,BLOCKED
fi-0279,missing_audit_evidence,True,passed,False,True,pass,granted,True,True,VALID,BLOCKED,BLOCKED
fi-0280,missing_audit_evidence,True,passed,False,True,pass,granted,True,True,VALID,BLOCKED,BLOCKED
fi-0281,missing_audit_evidence,True,passed,False,True,pass,granted,True,True,VALID,BLOCKED,BLOCKED
fi-0282,missing_audit_evidence,True,passed,False,True,pass,granted,True,True,VALID,BLOCKED,BLOCKED
fi-0283,missing_audit_evidence,True,passed,False,True,pass,granted,True,True,VALID,BLOCKED,BLOCKED
fi-0284,missing_audit_evidence,True,passed,False,True,pass,granted,True,True,VALID,BLOCKED,BLOCKED
fi-0285,missing_audit_evidence,True,passed,False,True,pass,granted,True,True,VALID,BLOCKED,BLOCKED
fi-0286,missing_audit_evidence,True,passed,False,True,pass,granted,True,True,VALID,BLOCKED,BLOCKED
fi-0287,missing_audit_evidence,True,passed,False,True,pass,granted,True,True,VALID,BLOCKED,BLOCKED
fi-0288,missing_audit_evidence,True,passed,False,True,pass,granted,True,True,VALID,BLOCKED,BLOCKED
fi-0289,missing_audit_evidence,True,passed,False,True,pass,granted,True,True,VALID,BLOCKED,BLOCKED
fi-0290,missing_audit_evidence,True,passed,False,True,pass,granted,True,True,VALID,BLOCKED,BLOCKED
fi-0291,missing_audit_evidence,True,passed,False,True,pass,granted,True,True,VALID,BLOCKED,BLOCKED
fi-0292,missing_audit_evidence,True,passed,False,True,pass,granted,True,True,VALID,BLOCKED,BLOCKED
fi-0293,missing_audit_evidence,True,passed,False,True,pass,granted,True,True,VALID,BLOCKED,BLOCKED
fi-0294,missing_audit_evidence,True,passed,False,True,pass,granted,True,True,VALID,BLOCKED,BLOCKED
fi-0295,missing_audit_evidence,True,passed,False,True,pass,granted,True,True,VALID,BLOCKED,BLOCKED
fi-0296,missing_audit_evidence,True,passed,False,True,pass,granted,True,True,VALID,BLOCKED,BLOCKED
fi-0297,missing_audit_evidence,True,passed,False,True,pass,granted,True,True,VALID,BLOCKED,BLOCKED
fi-0298,missing_audit_evidence,True,passed,False,True,pass,granted,True,True,VALID,BLOCKED,BLOCKED
fi-0299,missing_audit_evidence,True,passed,False,True,pass,granted,True,True,VALID,BLOCKED,BLOCKED
fi-0300,missing_audit_evidence,True,passed,False,True,pass,granted,True,True,VALID,BLOCKED,BLOCKED
fi-0301,missing_ai_discovery_output,True,passed,True,False,pass,granted,True,True,VALID,BLOCKED,BLOCKED
fi-0302,missing_ai_discovery_output,True,passed,True,False,pass,granted,True,True,VALID,BLOCKED,BLOCKED
fi-0303,missing_ai_discovery_output,True,passed,True,False,pass,granted,True,True,VALID,BLOCKED,BLOCKED
fi-0304,missing_ai_discovery_output,True,passed,True,False,pass,granted,True,True,VALID,BLOCKED,BLOCKED
fi-0305,missing_ai_discovery_output,True,passed,True,False,pass,granted,True,True,VALID,BLOCKED,BLOCKED
fi-0306,missing_ai_discovery_output,True,passed,True,False,pass,granted,True,True,VALID,BLOCKED,BLOCKED
fi-0307,missing_ai_discovery_output,True,passed,True,False,pass,granted,True,True,VALID,BLOCKED,BLOCKED
fi-0308,missing_ai_discovery_output,True,passed,True,False,pass,granted,True,True,VALID,BLOCKED,BLOCKED
fi-0309,missing_ai_discovery_output,True,passed,True,False,pass,granted,True,True,VALID,BLOCKED,BLOCKED
fi-0310,missing_ai_discovery_output,True,passed,True,False,pass,granted,True,True,VALID,BLOCKED,BLOCKED
fi-0311,missing_ai_discovery_output,True,passed,True,False,pass,granted,True,True,VALID,BLOCKED,BLOCKED
fi-0312,missing_ai_discovery_output,True,passed,True,False,pass,granted,True,True,VALID,BLOCKED,BLOCKED
fi-0313,missing_ai_discovery_output,True,passed,True,False,pass,granted,True,True,VALID,BLOCKED,BLOCKED
fi-0314,missing_ai_discovery_output,True,passed,True,False,pass,granted,True,True,VALID,BLOCKED,BLOCKED
fi-0315,missing_ai_discovery_output,True,passed,True,False,pass,granted,True,True,VALID,BLOCKED,BLOCKED
fi-0316,missing_ai_discovery_output,True,passed,True,False,pass,granted,True,True,VALID,BLOCKED,BLOCKED
fi-0317,missing_ai_discovery_output,True,passed,True,False,pass,granted,True,True,VALID,BLOCKED,BLOCKED
fi-0318,missing_ai_discovery_output,True,passed,True,False,pass,granted,True,True,VALID,BLOCKED,BLOCKED
fi-0319,missing_ai_discovery_output,True,passed,True,False,pass,granted,True,True,VALID,BLOCKED,BLOCKED
fi-0320,missing_ai_discovery_output,True,passed,True,False,pass,granted,True,True,VALID,BLOCKED,BLOCKED
fi-0321,missing_ai_discovery_output,True,passed,True,False,pass,granted,True,True,VALID,BLOCKED,BLOCKED
fi-0322,missing_ai_discovery_output,True,passed,True,False,pass,granted,True,True,VALID,BLOCKED,BLOCKED
fi-0323,missing_ai_discovery_output,True,passed,True,False,pass,granted,True,True,VALID,BLOCKED,BLOCKED
fi-0324,missing_ai_discovery_output,True,passed,True,False,pass,granted,True,True,VALID,BLOCKED,BLOCKED
fi-0325,missing_ai_discovery_output,True,passed,True,False,pass,granted,True,True,VALID,BLOCKED,BLOCKED
fi-0326,missing_ai_discovery_output,True,passed,True,False,pass,granted,True,True,VALID,BLOCKED,BLOCKED
fi-0327,missing_ai_discovery_output,True,passed,True,False,pass,granted,True,True,VALID,BLOCKED,BLOCKED
fi-0328,missing_ai_discovery_output,True,passed,True,False,pass,granted,True,True,VALID,BLOCKED,BLOCKED
fi-0329,missing_ai_discovery_output,True,passed,True,False,pass,granted,True,True,VALID,BLOCKED,BLOCKED
fi-0330,missing_ai_discovery_output,True,passed,True,False,pass,granted,True,True,VALID,BLOCKED,BLOCKED
fi-0331,missing_ai_discovery_output,True,passed,True,False,pass,granted,True,True,VALID,BLOCKED,BLOCKED
fi-0332,missing_ai_discovery_output,True,passed,True,False,pass,granted,True,True,VALID,BLOCKED,BLOCKED
fi-0333,missing_ai_discovery_output,True,passed,True,False,pass,granted,True,True,VALID,BLOCKED,BLOCKED
fi-0334,missing_ai_discovery_output,True,passed,True,False,pass,granted,True,True,VALID,BLOCKED,BLOCKED
fi-0335,missing_ai_discovery_output,True,passed,True,False,pass,granted,True,True,VALID,BLOCKED,BLOCKED
fi-0336,missing_ai_discovery_output,True,passed,True,False,pass,granted,True,True,VALID,BLOCKED,BLOCKED
fi-0337,missing_ai_discovery_output,True,passed,True,False,pass,granted,True,True,VALID,BLOCKED,BLOCKED
fi-0338,missing_ai_discovery_output,True,passed,True,False,pass,granted,True,True,VALID,BLOCKED,BLOCKED
fi-0339,missing_ai_discovery_output,True,passed,True,False,pass,granted,True,True,VALID,BLOCKED,BLOCKED
fi-0340,missing_ai_discovery_output,True,passed,True,False,pass,granted,True,True,VALID,BLOCKED,BLOCKED
fi-0341,missing_ai_discovery_output,True,passed,True,False,pass,granted,True,True,VALID,BLOCKED,BLOCKED
fi-0342,missing_ai_discovery_output,True,passed,True,False,pass,granted,True,True,VALID,BLOCKED,BLOCKED
fi-0343,missing_ai_discovery_output,True,passed,True,False,pass,granted,True,True,VALID,BLOCKED,BLOCKED
fi-0344,missing_ai_discovery_output,True,passed,True,False,pass,granted,True,True,VALID,BLOCKED,BLOCKED
fi-0345,missing_ai_discovery_output,True,passed,True,False,pass,granted,True,True,VALID,BLOCKED,BLOCKED
fi-0346,missing_ai_discovery_output,True,passed,True,False,pass,granted,True,True,VALID,BLOCKED,BLOCKED
fi-0347,missing_ai_discovery_output,True,passed,True,False,pass,granted,True,True,VALID,BLOCKED,BLOCKED
fi-0348,missing_ai_discovery_output,True,passed,True,False,pass,granted,True,True,VALID,BLOCKED,BLOCKED
fi-0349,missing_ai_discovery_output,True,passed,True,False,pass,granted,True,True,VALID,BLOCKED,BLOCKED
fi-0350,missing_ai_discovery_output,True,passed,True,False,pass,granted,True,True,VALID,BLOCKED,BLOCKED
fi-0351,missing_ai_discovery_output,True,passed,True,False,pass,granted,True,True,VALID,BLOCKED,BLOCKED
fi-0352,missing_ai_discovery_output,True,passed,True,False,pass,granted,True,True,VALID,BLOCKED,BLOCKED
fi-0353,missing_ai_discovery_output,True,passed,True,False,pass,granted,True,True,VALID,BLOCKED,BLOCKED
fi-0354,missing_ai_discovery_output,True,passed,True,False,pass,granted,True,True,VALID,BLOCKED,BLOCKED
fi-0355,missing_ai_discovery_output,True,passed,True,False,pass,granted,True,True,VALID,BLOCKED,BLOCKED
fi-0356,missing_ai_discovery_output,True,passed,True,False,pass,granted,True,True,VALID,BLOCKED,BLOCKED
fi-0357,missing_ai_discovery_output,True,passed,True,False,pass,granted,True,True,VALID,BLOCKED,BLOCKED
fi-0358,missing_ai_discovery_output,True,passed,True,False,pass,granted,True,True,VALID,BLOCKED,BLOCKED
fi-0359,missing_ai_discovery_output,True,passed,True,False,pass,granted,True,True,VALID,BLOCKED,BLOCKED
fi-0360,missing_ai_discovery_output,True,passed,True,False,pass,granted,True,True,VALID,BLOCKED,BLOCKED
fi-0361,missing_ai_discovery_output,True,passed,True,False,pass,granted,True,True,VALID,BLOCKED,BLOCKED
fi-0362,missing_ai_discovery_output,True,passed,True,False,pass,granted,True,True,VALID,BLOCKED,BLOCKED
fi-0363,missing_ai_discovery_output,True,passed,True,False,pass,granted,True,True,VALID,BLOCKED,BLOCKED
fi-0364,missing_ai_discovery_output,True,passed,True,False,pass,granted,True,True,VALID,BLOCKED,BLOCKED
fi-0365,missing_ai_discovery_output,True,passed,True,False,pass,granted,True,True,VALID,BLOCKED,BLOCKED
fi-0366,missing_ai_discovery_output,True,passed,True,False,pass,granted,True,True,VALID,BLOCKED,BLOCKED
fi-0367,missing_ai_discovery_output,True,passed,True,False,pass,granted,True,True,VALID,BLOCKED,BLOCKED
fi-0368,missing_ai_discovery_output,True,passed,True,False,pass,granted,True,True,VALID,BLOCKED,BLOCKED
fi-0369,missing_ai_discovery_output,True,passed,True,False,pass,granted,True,True,VALID,BLOCKED,BLOCKED
fi-0370,missing_ai_discovery_output,True,passed,True,False,pass,granted,True,True,VALID,BLOCKED,BLOCKED
fi-0371,missing_ai_discovery_output,True,passed,True,False,pass,granted,True,True,VALID,BLOCKED,BLOCKED
fi-0372,missing_ai_discovery_output,True,passed,True,False,pass,granted,True,True,VALID,BLOCKED,BLOCKED
fi-0373,missing_ai_discovery_output,True,passed,True,False,pass,granted,True,True,VALID,BLOCKED,BLOCKED
fi-0374,missing_ai_discovery_output,True,passed,True,False,pass,granted,True,True,VALID,BLOCKED,BLOCKED
fi-0375,missing_ai_discovery_output,True,passed,True,False,pass,granted,True,True,VALID,BLOCKED,BLOCKED
fi-0376,missing_ai_discovery_output,True,passed,True,False,pass,granted,True,True,VALID,BLOCKED,BLOCKED
fi-0377,missing_ai_discovery_output,True,passed,True,False,pass,granted,True,True,VALID,BLOCKED,BLOCKED
fi-0378,missing_ai_discovery_output,True,passed,True,False,pass,granted,True,True,VALID,BLOCKED,BLOCKED
fi-0379,missing_ai_discovery_output,True,passed,True,False,pass,granted,True,True,VALID,BLOCKED,BLOCKED
fi-0380,missing_ai_discovery_output,True,passed,True,False,pass,granted,True,True,VALID,BLOCKED,BLOCKED
fi-0381,missing_ai_discovery_output,True,passed,True,False,pass,granted,True,True,VALID,BLOCKED,BLOCKED
fi-0382,missing_ai_discovery_output,True,passed,True,False,pass,granted,True,True,VALID,BLOCKED,BLOCKED
fi-0383,missing_ai_discovery_output,True,passed,True,False,pass,granted,True,True,VALID,BLOCKED,BLOCKED
fi-0384,missing_ai_discovery_output,True,passed,True,False,pass,granted,True,True,VALID,BLOCKED,BLOCKED
fi-0385,missing_ai_discovery_output,True,passed,True,False,pass,granted,True,True,VALID,BLOCKED,BLOCKED
fi-0386,missing_ai_discovery_output,True,passed,True,False,pass,granted,True,True,VALID,BLOCKED,BLOCKED
fi-0387,missing_ai_discovery_output,True,passed,True,False,pass,granted,True,True,VALID,BLOCKED,BLOCKED
fi-0388,missing_ai_discovery_output,True,passed,True,False,pass,granted,True,True,VALID,BLOCKED,BLOCKED
fi-0389,missing_ai_discovery_output,True,passed,True,False,pass,granted,True,True,VALID,BLOCKED,BLOCKED
fi-0390,missing_ai_discovery_output,True,passed,True,False,pass,granted,True,True,VALID,BLOCKED,BLOCKED
fi-0391,missing_ai_discovery_output,True,passed,True,False,pass,granted,True,True,VALID,BLOCKED,BLOCKED
fi-0392,missing_ai_discovery_output,True,passed,True,False,pass,granted,True,True,VALID,BLOCKED,BLOCKED
fi-0393,missing_ai_discovery_output,True,passed,True,False,pass,granted,True,True,VALID,BLOCKED,BLOCKED
fi-0394,missing_ai_discovery_output,True,passed,True,False,pass,granted,True,True,VALID,BLOCKED,BLOCKED
fi-0395,missing_ai_discovery_output,True,passed,True,False,pass,granted,True,True,VALID,BLOCKED,BLOCKED
fi-0396,missing_ai_discovery_output,True,passed,True,False,pass,granted,True,True,VALID,BLOCKED,BLOCKED
fi-0397,missing_ai_discovery_output,True,passed,True,False,pass,granted,True,True,VALID,BLOCKED,BLOCKED
fi-0398,missing_ai_discovery_output,True,passed,True,False,pass,granted,True,True,VALID,BLOCKED,BLOCKED
fi-0399,missing_ai_discovery_output,True,passed,True,False,pass,granted,True,True,VALID,BLOCKED,BLOCKED
fi-0400,missing_ai_discovery_output,True,passed,True,False,pass,granted,True,True,VALID,BLOCKED,BLOCKED
fi-0401,missing_approval_record,True,passed,True,True,pass,missing,True,True,VALID,BLOCKED,BLOCKED
fi-0402,missing_approval_record,True,passed,True,True,pass,missing,True,True,VALID,BLOCKED,BLOCKED
fi-0403,missing_approval_record,True,passed,True,True,pass,missing,True,True,VALID,BLOCKED,BLOCKED
fi-0404,missing_approval_record,True,passed,True,True,pass,missing,True,True,VALID,BLOCKED,BLOCKED
fi-0405,missing_approval_record,True,passed,True,True,pass,missing,True,True,VALID,BLOCKED,BLOCKED
fi-0406,missing_approval_record,True,passed,True,True,pass,missing,True,True,VALID,BLOCKED,BLOCKED
fi-0407,missing_approval_record,True,passed,True,True,pass,missing,True,True,VALID,BLOCKED,BLOCKED
fi-0408,missing_approval_record,True,passed,True,True,pass,missing,True,True,VALID,BLOCKED,BLOCKED
fi-0409,missing_approval_record,True,passed,True,True,pass,missing,True,True,VALID,BLOCKED,BLOCKED
fi-0410,missing_approval_record,True,passed,True,True,pass,missing,True,True,VALID,BLOCKED,BLOCKED
fi-0411,missing_approval_record,True,passed,True,True,pass,missing,True,True,VALID,BLOCKED,BLOCKED
fi-0412,missing_approval_record,True,passed,True,True,pass,missing,True,True,VALID,BLOCKED,BLOCKED
fi-0413,missing_approval_record,True,passed,True,True,pass,missing,True,True,VALID,BLOCKED,BLOCKED
fi-0414,missing_approval_record,True,passed,True,True,pass,missing,True,True,VALID,BLOCKED,BLOCKED
fi-0415,missing_approval_record,True,passed,True,True,pass,missing,True,True,VALID,BLOCKED,BLOCKED
fi-0416,missing_approval_record,True,passed,True,True,pass,missing,True,True,VALID,BLOCKED,BLOCKED
fi-0417,missing_approval_record,True,passed,True,True,pass,missing,True,True,VALID,BLOCKED,BLOCKED
fi-0418,missing_approval_record,True,passed,True,True,pass,missing,True,True,VALID,BLOCKED,BLOCKED
fi-0419,missing_approval_record,True,passed,True,True,pass,missing,True,True,VALID,BLOCKED,BLOCKED
fi-0420,missing_approval_record,True,passed,True,True,pass,missing,True,True,VALID,BLOCKED,BLOCKED
fi-0421,missing_approval_record,True,passed,True,True,pass,missing,True,True,VALID,BLOCKED,BLOCKED
fi-0422,missing_approval_record,True,passed,True,True,pass,missing,True,True,VALID,BLOCKED,BLOCKED
fi-0423,missing_approval_record,True,passed,True,True,pass,missing,True,True,VALID,BLOCKED,BLOCKED
fi-0424,missing_approval_record,True,passed,True,True,pass,missing,True,True,VALID,BLOCKED,BLOCKED
fi-0425,missing_approval_record,True,passed,True,True,pass,missing,True,True,VALID,BLOCKED,BLOCKED
fi-0426,missing_approval_record,True,passed,True,True,pass,missing,True,True,VALID,BLOCKED,BLOCKED
fi-0427,missing_approval_record,True,passed,True,True,pass,missing,True,True,VALID,BLOCKED,BLOCKED
fi-0428,missing_approval_record,True,passed,True,True,pass,missing,True,True,VALID,BLOCKED,BLOCKED
fi-0429,missing_approval_record,True,passed,True,True,pass,missing,True,True,VALID,BLOCKED,BLOCKED
fi-0430,missing_approval_record,True,passed,True,True,pass,missing,True,True,VALID,BLOCKED,BLOCKED
fi-0431,missing_approval_record,True,passed,True,True,pass,missing,True,True,VALID,BLOCKED,BLOCKED
fi-0432,missing_approval_record,True,passed,True,True,pass,missing,True,True,VALID,BLOCKED,BLOCKED
fi-0433,missing_approval_record,True,passed,True,True,pass,missing,True,True,VALID,BLOCKED,BLOCKED
fi-0434,missing_approval_record,True,passed,True,True,pass,missing,True,True,VALID,BLOCKED,BLOCKED
fi-0435,missing_approval_record,True,passed,True,True,pass,missing,True,True,VALID,BLOCKED,BLOCKED
fi-0436,missing_approval_record,True,passed,True,True,pass,missing,True,True,VALID,BLOCKED,BLOCKED
fi-0437,missing_approval_record,True,passed,True,True,pass,missing,True,True,VALID,BLOCKED,BLOCKED
fi-0438,missing_approval_record,True,passed,True,True,pass,missing,True,True,VALID,BLOCKED,BLOCKED
fi-0439,missing_approval_record,True,passed,True,True,pass,missing,True,True,VALID,BLOCKED,BLOCKED
fi-0440,missing_approval_record,True,passed,True,True,pass,missing,True,True,VALID,BLOCKED,BLOCKED
fi-0441,missing_approval_record,True,passed,True,True,pass,missing,True,True,VALID,BLOCKED,BLOCKED
fi-0442,missing_approval_record,True,passed,True,True,pass,missing,True,True,VALID,BLOCKED,BLOCKED
fi-0443,missing_approval_record,True,passed,True,True,pass,missing,True,True,VALID,BLOCKED,BLOCKED
fi-0444,missing_approval_record,True,passed,True,True,pass,missing,True,True,VALID,BLOCKED,BLOCKED
fi-0445,missing_approval_record,True,passed,True,True,pass,missing,True,True,VALID,BLOCKED,BLOCKED
fi-0446,missing_approval_record,True,passed,True,True,pass,missing,True,True,VALID,BLOCKED,BLOCKED
fi-0447,missing_approval_record,True,passed,True,True,pass,missing,True,True,VALID,BLOCKED,BLOCKED
fi-0448,missing_approval_record,True,passed,True,True,pass,missing,True,True,VALID,BLOCKED,BLOCKED
fi-0449,missing_approval_record,True,passed,True,True,pass,missing,True,True,VALID,BLOCKED,BLOCKED
fi-0450,missing_approval_record,True,passed,True,True,pass,missing,True,True,VALID,BLOCKED,BLOCKED
fi-0451,missing_approval_record,True,passed,True,True,pass,missing,True,True,VALID,BLOCKED,BLOCKED
fi-0452,missing_approval_record,True,passed,True,True,pass,missing,True,True,VALID,BLOCKED,BLOCKED
fi-0453,missing_approval_record,True,passed,True,True,pass,missing,True,True,VALID,BLOCKED,BLOCKED
fi-0454,missing_approval_record,True,passed,True,True,pass,missing,True,True,VALID,BLOCKED,BLOCKED
fi-0455,missing_approval_record,True,passed,True,True,pass,missing,True,True,VALID,BLOCKED,BLOCKED
fi-0456,missing_approval_record,True,passed,True,True,pass,missing,True,True,VALID,BLOCKED,BLOCKED
fi-0457,missing_approval_record,True,passed,True,True,pass,missing,True,True,VALID,BLOCKED,BLOCKED
fi-0458,missing_approval_record,True,passed,True,True,pass,missing,True,True,VALID,BLOCKED,BLOCKED
fi-0459,missing_approval_record,True,passed,True,True,pass,missing,True,True,VALID,BLOCKED,BLOCKED
fi-0460,missing_approval_record,True,passed,True,True,pass,missing,True,True,VALID,BLOCKED,BLOCKED
fi-0461,missing_approval_record,True,passed,True,True,pass,missing,True,True,VALID,BLOCKED,BLOCKED
fi-0462,missing_approval_record,True,passed,True,True,pass,missing,True,True,VALID,BLOCKED,BLOCKED
fi-0463,missing_approval_record,True,passed,True,True,pass,missing,True,True,VALID,BLOCKED,BLOCKED
fi-0464,missing_approval_record,True,passed,True,True,pass,missing,True,True,VALID,BLOCKED,BLOCKED
fi-0465,missing_approval_record,True,passed,True,True,pass,missing,True,True,VALID,BLOCKED,BLOCKED
fi-0466,missing_approval_record,True,passed,True,True,pass,missing,True,True,VALID,BLOCKED,BLOCKED
fi-0467,missing_approval_record,True,passed,True,True,pass,missing,True,True,VALID,BLOCKED,BLOCKED
fi-0468,missing_approval_record,True,passed,True,True,pass,missing,True,True,VALID,BLOCKED,BLOCKED
fi-0469,missing_approval_record,True,passed,True,True,pass,missing,True,True,VALID,BLOCKED,BLOCKED
fi-0470,missing_approval_record,True,passed,True,True,pass,missing,True,True,VALID,BLOCKED,BLOCKED
fi-0471,missing_approval_record,True,passed,True,True,pass,missing,True,True,VALID,BLOCKED,BLOCKED
fi-0472,missing_approval_record,True,passed,True,True,pass,missing,True,True,VALID,BLOCKED,BLOCKED
fi-0473,missing_approval_record,True,passed,True,True,pass,missing,True,True,VALID,BLOCKED,BLOCKED
fi-0474,missing_approval_record,True,passed,True,True,pass,missing,True,True,VALID,BLOCKED,BLOCKED
fi-0475,missing_approval_record,True,passed,True,True,pass,missing,True,True,VALID,BLOCKED,BLOCKED
fi-0476,missing_approval_record,True,passed,True,True,pass,missing,True,True,VALID,BLOCKED,BLOCKED
fi-0477,missing_approval_record,True,passed,True,True,pass,missing,True,True,VALID,BLOCKED,BLOCKED
fi-0478,missing_approval_record,True,passed,True,True,pass,missing,True,True,VALID,BLOCKED,BLOCKED
fi-0479,missing_approval_record,True,passed,True,True,pass,missing,True,True,VALID,BLOCKED,BLOCKED
fi-0480,missing_approval_record,True,passed,True,True,pass,missing,True,True,VALID,BLOCKED,BLOCKED
fi-0481,missing_approval_record,True,passed,True,True,pass,missing,True,True,VALID,BLOCKED,BLOCKED
fi-0482,missing_approval_record,True,passed,True,True,pass,missing,True,True,VALID,BLOCKED,BLOCKED
fi-0483,missing_approval_record,True,passed,True,True,pass,missing,True,True,VALID,BLOCKED,BLOCKED
fi-0484,missing_approval_record,True,passed,True,True,pass,missing,True,True,VALID,BLOCKED,BLOCKED
fi-0485,missing_approval_record,True,passed,True,True,pass,missing,True,True,VALID,BLOCKED,BLOCKED
fi-0486,missing_approval_record,True,passed,True,True,pass,missing,True,True,VALID,BLOCKED,BLOCKED
fi-0487,missing_approval_record,True,passed,True,True,pass,missing,True,True,VALID,BLOCKED,BLOCKED
fi-0488,missing_approval_record,True,passed,True,True,pass,missing,True,True,VALID,BLOCKED,BLOCKED
fi-0489,missing_approval_record,True,passed,True,True,pass,missing,True,True,VALID,BLOCKED,BLOCKED
fi-0490,missing_approval_record,True,passed,True,True,pass,missing,True,True,VALID,BLOCKED,BLOCKED
fi-0491,missing_approval_record,True,passed,True,True,pass,missing,True,True,VALID,BLOCKED,BLOCKED
fi-0492,missing_approval_record,True,passed,True,True,pass,missing,True,True,VALID,BLOCKED,BLOCKED
fi-0493,missing_approval_record,True,passed,True,True,pass,missing,True,True,VALID,BLOCKED,BLOCKED
fi-0494,missing_approval_record,True,passed,True,True,pass,missing,True,True,VALID,BLOCKED,BLOCKED
fi-0495,missing_approval_record,True,passed,True,True,pass,missing,True,True,VALID,BLOCKED,BLOCKED
fi-0496,missing_approval_record,True,passed,True,True,pass,missing,True,True,VALID,BLOCKED,BLOCKED
fi-0497,missing_approval_record,True,passed,True,True,pass,missing,True,True,VALID,BLOCKED,BLOCKED
fi-0498,missing_approval_record,True,passed,True,True,pass,missing,True,True,VALID,BLOCKED,BLOCKED
fi-0499,missing_approval_record,True,passed,True,True,pass,missing,True,True,VALID,BLOCKED,BLOCKED
fi-0500,missing_approval_record,True,passed,True,True,pass,missing,True,True,VALID,BLOCKED,BLOCKED
fi-0501,failed_compliance_evaluation,True,passed,True,True,fail,granted,True,True,VALID,INVALID,INVALID
fi-0502,failed_compliance_evaluation,True,passed,True,True,fail,granted,True,True,VALID,INVALID,INVALID
fi-0503,failed_compliance_evaluation,True,passed,True,True,fail,granted,True,True,VALID,INVALID,INVALID
fi-0504,failed_compliance_evaluation,True,passed,True,True,fail,granted,True,True,VALID,INVALID,INVALID
fi-0505,failed_compliance_evaluation,True,passed,True,True,fail,granted,True,True,VALID,INVALID,INVALID
fi-0506,failed_compliance_evaluation,True,passed,True,True,fail,granted,True,True,VALID,INVALID,INVALID
fi-0507,failed_compliance_evaluation,True,passed,True,True,fail,granted,True,True,VALID,INVALID,INVALID
fi-0508,failed_compliance_evaluation,True,passed,True,True,fail,granted,True,True,VALID,INVALID,INVALID
fi-0509,failed_compliance_evaluation,True,passed,True,True,fail,granted,True,True,VALID,INVALID,INVALID
fi-0510,failed_compliance_evaluation,True,passed,True,True,fail,granted,True,True,VALID,INVALID,INVALID
fi-0511,failed_compliance_evaluation,True,passed,True,True,fail,granted,True,True,VALID,INVALID,INVALID
fi-0512,failed_compliance_evaluation,True,passed,True,True,fail,granted,True,True,VALID,INVALID,INVALID
fi-0513,failed_compliance_evaluation,True,passed,True,True,fail,granted,True,True,VALID,INVALID,INVALID
fi-0514,failed_compliance_evaluation,True,passed,True,True,fail,granted,True,True,VALID,INVALID,INVALID
fi-0515,failed_compliance_evaluation,True,passed,True,True,fail,granted,True,True,VALID,INVALID,INVALID
fi-0516,failed_compliance_evaluation,True,passed,True,True,fail,granted,True,True,VALID,INVALID,INVALID
fi-0517,failed_compliance_evaluation,True,passed,True,True,fail,granted,True,True,VALID,INVALID,INVALID
fi-0518,failed_compliance_evaluation,True,passed,True,True,fail,granted,True,True,VALID,INVALID,INVALID
fi-0519,failed_compliance_evaluation,True,passed,True,True,fail,granted,True,True,VALID,INVALID,INVALID
fi-0520,failed_compliance_evaluation,True,passed,True,True,fail,granted,True,True,VALID,INVALID,INVALID
fi-0521,failed_compliance_evaluation,True,passed,True,True,fail,granted,True,True,VALID,INVALID,INVALID
fi-0522,failed_compliance_evaluation,True,passed,True,True,fail,granted,True,True,VALID,INVALID,INVALID
fi-0523,failed_compliance_evaluation,True,passed,True,True,fail,granted,True,True,VALID,INVALID,INVALID
fi-0524,failed_compliance_evaluation,True,passed,True,True,fail,granted,True,True,VALID,INVALID,INVALID
fi-0525,failed_compliance_evaluation,True,passed,True,True,fail,granted,True,True,VALID,INVALID,INVALID
fi-0526,failed_compliance_evaluation,True,passed,True,True,fail,granted,True,True,VALID,INVALID,INVALID
fi-0527,failed_compliance_evaluation,True,passed,True,True,fail,granted,True,True,VALID,INVALID,INVALID
fi-0528,failed_compliance_evaluation,True,passed,True,True,fail,granted,True,True,VALID,INVALID,INVALID
fi-0529,failed_compliance_evaluation,True,passed,True,True,fail,granted,True,True,VALID,INVALID,INVALID
fi-0530,failed_compliance_evaluation,True,passed,True,True,fail,granted,True,True,VALID,INVALID,INVALID
fi-0531,failed_compliance_evaluation,True,passed,True,True,fail,granted,True,True,VALID,INVALID,INVALID
fi-0532,failed_compliance_evaluation,True,passed,True,True,fail,granted,True,True,VALID,INVALID,INVALID
fi-0533,failed_compliance_evaluation,True,passed,True,True,fail,granted,True,True,VALID,INVALID,INVALID
fi-0534,failed_compliance_evaluation,True,passed,True,True,fail,granted,True,True,VALID,INVALID,INVALID
fi-0535,failed_compliance_evaluation,True,passed,True,True,fail,granted,True,True,VALID,INVALID,INVALID
fi-0536,failed_compliance_evaluation,True,passed,True,True,fail,granted,True,True,VALID,INVALID,INVALID
fi-0537,failed_compliance_evaluation,True,passed,True,True,fail,granted,True,True,VALID,INVALID,INVALID
fi-0538,failed_compliance_evaluation,True,passed,True,True,fail,granted,True,True,VALID,INVALID,INVALID
fi-0539,failed_compliance_evaluation,True,passed,True,True,fail,granted,True,True,VALID,INVALID,INVALID
fi-0540,failed_compliance_evaluation,True,passed,True,True,fail,granted,True,True,VALID,INVALID,INVALID
fi-0541,failed_compliance_evaluation,True,passed,True,True,fail,granted,True,True,VALID,INVALID,INVALID
fi-0542,failed_compliance_evaluation,True,passed,True,True,fail,granted,True,True,VALID,INVALID,INVALID
fi-0543,failed_compliance_evaluation,True,passed,True,True,fail,granted,True,True,VALID,INVALID,INVALID
fi-0544,failed_compliance_evaluation,True,passed,True,True,fail,granted,True,True,VALID,INVALID,INVALID
fi-0545,failed_compliance_evaluation,True,passed,True,True,fail,granted,True,True,VALID,INVALID,INVALID
fi-0546,failed_compliance_evaluation,True,passed,True,True,fail,granted,True,True,VALID,INVALID,INVALID
fi-0547,failed_compliance_evaluation,True,passed,True,True,fail,granted,True,True,VALID,INVALID,INVALID
fi-0548,failed_compliance_evaluation,True,passed,True,True,fail,granted,True,True,VALID,INVALID,INVALID
fi-0549,failed_compliance_evaluation,True,passed,True,True,fail,granted,True,True,VALID,INVALID,INVALID
fi-0550,failed_compliance_evaluation,True,passed,True,True,fail,granted,True,True,VALID,INVALID,INVALID
fi-0551,failed_compliance_evaluation,True,passed,True,True,fail,granted,True,True,VALID,INVALID,INVALID
fi-0552,failed_compliance_evaluation,True,passed,True,True,fail,granted,True,True,VALID,INVALID,INVALID
fi-0553,failed_compliance_evaluation,True,passed,True,True,fail,granted,True,True,VALID,INVALID,INVALID
fi-0554,failed_compliance_evaluation,True,passed,True,True,fail,granted,True,True,VALID,INVALID,INVALID
fi-0555,failed_compliance_evaluation,True,passed,True,True,fail,granted,True,True,VALID,INVALID,INVALID
fi-0556,failed_compliance_evaluation,True,passed,True,True,fail,granted,True,True,VALID,INVALID,INVALID
fi-0557,failed_compliance_evaluation,True,passed,True,True,fail,granted,True,True,VALID,INVALID,INVALID
fi-0558,failed_compliance_evaluation,True,passed,True,True,fail,granted,True,True,VALID,INVALID,INVALID
fi-0559,failed_compliance_evaluation,True,passed,True,True,fail,granted,True,True,VALID,INVALID,INVALID
fi-0560,failed_compliance_evaluation,True,passed,True,True,fail,granted,True,True,VALID,INVALID,INVALID
fi-0561,failed_compliance_evaluation,True,passed,True,True,fail,granted,True,True,VALID,INVALID,INVALID
fi-0562,failed_compliance_evaluation,True,passed,True,True,fail,granted,True,True,VALID,INVALID,INVALID
fi-0563,failed_compliance_evaluation,True,passed,True,True,fail,granted,True,True,VALID,INVALID,INVALID
fi-0564,failed_compliance_evaluation,True,passed,True,True,fail,granted,True,True,VALID,INVALID,INVALID
fi-0565,failed_compliance_evaluation,True,passed,True,True,fail,granted,True,True,VALID,INVALID,INVALID
fi-0566,failed_compliance_evaluation,True,passed,True,True,fail,granted,True,True,VALID,INVALID,INVALID
fi-0567,failed_compliance_evaluation,True,passed,True,True,fail,granted,True,True,VALID,INVALID,INVALID
fi-0568,failed_compliance_evaluation,True,passed,True,True,fail,granted,True,True,VALID,INVALID,INVALID
fi-0569,failed_compliance_evaluation,True,passed,True,True,fail,granted,True,True,VALID,INVALID,INVALID
fi-0570,failed_compliance_evaluation,True,passed,True,True,fail,granted,True,True,VALID,INVALID,INVALID
fi-0571,failed_compliance_evaluation,True,passed,True,True,fail,granted,True,True,VALID,INVALID,INVALID
fi-0572,failed_compliance_evaluation,True,passed,True,True,fail,granted,True,True,VALID,INVALID,INVALID
fi-0573,failed_compliance_evaluation,True,passed,True,True,fail,granted,True,True,VALID,INVALID,INVALID
fi-0574,failed_compliance_evaluation,True,passed,True,True,fail,granted,True,True,VALID,INVALID,INVALID
fi-0575,failed_compliance_evaluation,True,passed,True,True,fail,granted,True,True,VALID,INVALID,INVALID
fi-0576,failed_compliance_evaluation,True,passed,True,True,fail,granted,True,True,VALID,INVALID,INVALID
fi-0577,failed_compliance_evaluation,True,passed,True,True,fail,granted,True,True,VALID,INVALID,INVALID
fi-0578,failed_compliance_evaluation,True,passed,True,True,fail,granted,True,True,VALID,INVALID,INVALID
fi-0579,failed_compliance_evaluation,True,passed,True,True,fail,granted,True,True,VALID,INVALID,INVALID
fi-0580,failed_compliance_evaluation,True,passed,True,True,fail,granted,True,True,VALID,INVALID,INVALID
fi-0581,failed_compliance_evaluation,True,passed,True,True,fail,granted,True,True,VALID,INVALID,INVALID
fi-0582,failed_compliance_evaluation,True,passed,True,True,fail,granted,True,True,VALID,INVALID,INVALID
fi-0583,failed_compliance_evaluation,True,passed,True,True,fail,granted,True,True,VALID,INVALID,INVALID
fi-0584,failed_compliance_evaluation,True,passed,True,True,fail,granted,True,True,VALID,INVALID,INVALID
fi-0585,failed_compliance_evaluation,True,passed,True,True,fail,granted,True,True,VALID,INVALID,INVALID
fi-0586,failed_compliance_evaluation,True,passed,True,True,fail,granted,True,True,VALID,INVALID,INVALID
fi-0587,failed_compliance_evaluation,True,passed,True,True,fail,granted,True,True,VALID,INVALID,INVALID
fi-0588,failed_compliance_evaluation,True,passed,True,True,fail,granted,True,True,VALID,INVALID,INVALID
fi-0589,failed_compliance_evaluation,True,passed,True,True,fail,granted,True,True,VALID,INVALID,INVALID
fi-0590,failed_compliance_evaluation,True,passed,True,True,fail,granted,True,True,VALID,INVALID,INVALID
fi-0591,failed_compliance_evaluation,True,passed,True,True,fail,granted,True,True,VALID,INVALID,INVALID
fi-0592,failed_compliance_evaluation,True,passed,True,True,fail,granted,True,True,VALID,INVALID,INVALID
fi-0593,failed_compliance_evaluation,True,passed,True,True,fail,granted,True,True,VALID,INVALID,INVALID
fi-0594,failed_compliance_evaluation,True,passed,True,True,fail,granted,True,True,VALID,INVALID,INVALID
fi-0595,failed_compliance_evaluation,True,passed,True,True,fail,granted,True,True,VALID,INVALID,INVALID
fi-0596,failed_compliance_evaluation,True,passed,True,True,fail,granted,True,True,VALID,INVALID,INVALID
fi-0597,failed_compliance_evaluation,True,passed,True,True,fail,granted,True,True,VALID,INVALID,INVALID
fi-0598,failed_compliance_evaluation,True,passed,True,True,fail,granted,True,True,VALID,INVALID,INVALID
fi-0599,failed_compliance_evaluation,True,passed,True,True,fail,granted,True,True,VALID,INVALID,INVALID
fi-0600,failed_compliance_evaluation,True,passed,True,True,fail,granted,True,True,VALID,INVALID,INVALID
fi-0601,inconsistent_run_context,True,passed,True,True,pass,granted,False,True,VALID,BLOCKED,BLOCKED
fi-0602,inconsistent_run_context,True,passed,True,True,pass,granted,False,True,VALID,BLOCKED,BLOCKED
fi-0603,inconsistent_run_context,True,passed,True,True,pass,granted,False,True,VALID,BLOCKED,BLOCKED
fi-0604,inconsistent_run_context,True,passed,True,True,pass,granted,False,True,VALID,BLOCKED,BLOCKED
fi-0605,inconsistent_run_context,True,passed,True,True,pass,granted,False,True,VALID,BLOCKED,BLOCKED
fi-0606,inconsistent_run_context,True,passed,True,True,pass,granted,False,True,VALID,BLOCKED,BLOCKED
fi-0607,inconsistent_run_context,True,passed,True,True,pass,granted,False,True,VALID,BLOCKED,BLOCKED
fi-0608,inconsistent_run_context,True,passed,True,True,pass,granted,False,True,VALID,BLOCKED,BLOCKED
fi-0609,inconsistent_run_context,True,passed,True,True,pass,granted,False,True,VALID,BLOCKED,BLOCKED
fi-0610,inconsistent_run_context,True,passed,True,True,pass,granted,False,True,VALID,BLOCKED,BLOCKED
fi-0611,inconsistent_run_context,True,passed,True,True,pass,granted,False,True,VALID,BLOCKED,BLOCKED
fi-0612,inconsistent_run_context,True,passed,True,True,pass,granted,False,True,VALID,BLOCKED,BLOCKED
fi-0613,inconsistent_run_context,True,passed,True,True,pass,granted,False,True,VALID,BLOCKED,BLOCKED
fi-0614,inconsistent_run_context,True,passed,True,True,pass,granted,False,True,VALID,BLOCKED,BLOCKED
fi-0615,inconsistent_run_context,True,passed,True,True,pass,granted,False,True,VALID,BLOCKED,BLOCKED
fi-0616,inconsistent_run_context,True,passed,True,True,pass,granted,False,True,VALID,BLOCKED,BLOCKED
fi-0617,inconsistent_run_context,True,passed,True,True,pass,granted,False,True,VALID,BLOCKED,BLOCKED
fi-0618,inconsistent_run_context,True,passed,True,True,pass,granted,False,True,VALID,BLOCKED,BLOCKED
fi-0619,inconsistent_run_context,True,passed,True,True,pass,granted,False,True,VALID,BLOCKED,BLOCKED
fi-0620,inconsistent_run_context,True,passed,True,True,pass,granted,False,True,VALID,BLOCKED,BLOCKED
fi-0621,inconsistent_run_context,True,passed,True,True,pass,granted,False,True,VALID,BLOCKED,BLOCKED
fi-0622,inconsistent_run_context,True,passed,True,True,pass,granted,False,True,VALID,BLOCKED,BLOCKED
fi-0623,inconsistent_run_context,True,passed,True,True,pass,granted,False,True,VALID,BLOCKED,BLOCKED
fi-0624,inconsistent_run_context,True,passed,True,True,pass,granted,False,True,VALID,BLOCKED,BLOCKED
fi-0625,inconsistent_run_context,True,passed,True,True,pass,granted,False,True,VALID,BLOCKED,BLOCKED
fi-0626,inconsistent_run_context,True,passed,True,True,pass,granted,False,True,VALID,BLOCKED,BLOCKED
fi-0627,inconsistent_run_context,True,passed,True,True,pass,granted,False,True,VALID,BLOCKED,BLOCKED
fi-0628,inconsistent_run_context,True,passed,True,True,pass,granted,False,True,VALID,BLOCKED,BLOCKED
fi-0629,inconsistent_run_context,True,passed,True,True,pass,granted,False,True,VALID,BLOCKED,BLOCKED
fi-0630,inconsistent_run_context,True,passed,True,True,pass,granted,False,True,VALID,BLOCKED,BLOCKED
fi-0631,inconsistent_run_context,True,passed,True,True,pass,granted,False,True,VALID,BLOCKED,BLOCKED
fi-0632,inconsistent_run_context,True,passed,True,True,pass,granted,False,True,VALID,BLOCKED,BLOCKED
fi-0633,inconsistent_run_context,True,passed,True,True,pass,granted,False,True,VALID,BLOCKED,BLOCKED
fi-0634,inconsistent_run_context,True,passed,True,True,pass,granted,False,True,VALID,BLOCKED,BLOCKED
fi-0635,inconsistent_run_context,True,passed,True,True,pass,granted,False,True,VALID,BLOCKED,BLOCKED
fi-0636,inconsistent_run_context,True,passed,True,True,pass,granted,False,True,VALID,BLOCKED,BLOCKED
fi-0637,inconsistent_run_context,True,passed,True,True,pass,granted,False,True,VALID,BLOCKED,BLOCKED
fi-0638,inconsistent_run_context,True,passed,True,True,pass,granted,False,True,VALID,BLOCKED,BLOCKED
fi-0639,inconsistent_run_context,True,passed,True,True,pass,granted,False,True,VALID,BLOCKED,BLOCKED
fi-0640,inconsistent_run_context,True,passed,True,True,pass,granted,False,True,VALID,BLOCKED,BLOCKED
fi-0641,inconsistent_run_context,True,passed,True,True,pass,granted,False,True,VALID,BLOCKED,BLOCKED
fi-0642,inconsistent_run_context,True,passed,True,True,pass,granted,False,True,VALID,BLOCKED,BLOCKED
fi-0643,inconsistent_run_context,True,passed,True,True,pass,granted,False,True,VALID,BLOCKED,BLOCKED
fi-0644,inconsistent_run_context,True,passed,True,True,pass,granted,False,True,VALID,BLOCKED,BLOCKED
fi-0645,inconsistent_run_context,True,passed,True,True,pass,granted,False,True,VALID,BLOCKED,BLOCKED
fi-0646,inconsistent_run_context,True,passed,True,True,pass,granted,False,True,VALID,BLOCKED,BLOCKED
fi-0647,inconsistent_run_context,True,passed,True,True,pass,granted,False,True,VALID,BLOCKED,BLOCKED
fi-0648,inconsistent_run_context,True,passed,True,True,pass,granted,False,True,VALID,BLOCKED,BLOCKED
fi-0649,inconsistent_run_context,True,passed,True,True,pass,granted,False,True,VALID,BLOCKED,BLOCKED
fi-0650,inconsistent_run_context,True,passed,True,True,pass,granted,False,True,VALID,BLOCKED,BLOCKED
fi-0651,inconsistent_run_context,True,passed,True,True,pass,granted,False,True,VALID,BLOCKED,BLOCKED
fi-0652,inconsistent_run_context,True,passed,True,True,pass,granted,False,True,VALID,BLOCKED,BLOCKED
fi-0653,inconsistent_run_context,True,passed,True,True,pass,granted,False,True,VALID,BLOCKED,BLOCKED
fi-0654,inconsistent_run_context,True,passed,True,True,pass,granted,False,True,VALID,BLOCKED,BLOCKED
fi-0655,inconsistent_run_context,True,passed,True,True,pass,granted,False,True,VALID,BLOCKED,BLOCKED
fi-0656,inconsistent_run_context,True,passed,True,True,pass,granted,False,True,VALID,BLOCKED,BLOCKED
fi-0657,inconsistent_run_context,True,passed,True,True,pass,granted,False,True,VALID,BLOCKED,BLOCKED
fi-0658,inconsistent_run_context,True,passed,True,True,pass,granted,False,True,VALID,BLOCKED,BLOCKED
fi-0659,inconsistent_run_context,True,passed,True,True,pass,granted,False,True,VALID,BLOCKED,BLOCKED
fi-0660,inconsistent_run_context,True,passed,True,True,pass,granted,False,True,VALID,BLOCKED,BLOCKED
fi-0661,inconsistent_run_context,True,passed,True,True,pass,granted,False,True,VALID,BLOCKED,BLOCKED
fi-0662,inconsistent_run_context,True,passed,True,True,pass,granted,False,True,VALID,BLOCKED,BLOCKED
fi-0663,inconsistent_run_context,True,passed,True,True,pass,granted,False,True,VALID,BLOCKED,BLOCKED
fi-0664,inconsistent_run_context,True,passed,True,True,pass,granted,False,True,VALID,BLOCKED,BLOCKED
fi-0665,inconsistent_run_context,True,passed,True,True,pass,granted,False,True,VALID,BLOCKED,BLOCKED
fi-0666,inconsistent_run_context,True,passed,True,True,pass,granted,False,True,VALID,BLOCKED,BLOCKED
fi-0667,inconsistent_run_context,True,passed,True,True,pass,granted,False,True,VALID,BLOCKED,BLOCKED
fi-0668,inconsistent_run_context,True,passed,True,True,pass,granted,False,True,VALID,BLOCKED,BLOCKED
fi-0669,inconsistent_run_context,True,passed,True,True,pass,granted,False,True,VALID,BLOCKED,BLOCKED
fi-0670,inconsistent_run_context,True,passed,True,True,pass,granted,False,True,VALID,BLOCKED,BLOCKED
fi-0671,inconsistent_run_context,True,passed,True,True,pass,granted,False,True,VALID,BLOCKED,BLOCKED
fi-0672,inconsistent_run_context,True,passed,True,True,pass,granted,False,True,VALID,BLOCKED,BLOCKED
fi-0673,inconsistent_run_context,True,passed,True,True,pass,granted,False,True,VALID,BLOCKED,BLOCKED
fi-0674,inconsistent_run_context,True,passed,True,True,pass,granted,False,True,VALID,BLOCKED,BLOCKED
fi-0675,inconsistent_run_context,True,passed,True,True,pass,granted,False,True,VALID,BLOCKED,BLOCKED
fi-0676,inconsistent_run_context,True,passed,True,True,pass,granted,False,True,VALID,BLOCKED,BLOCKED
fi-0677,inconsistent_run_context,True,passed,True,True,pass,granted,False,True,VALID,BLOCKED,BLOCKED
fi-0678,inconsistent_run_context,True,passed,True,True,pass,granted,False,True,VALID,BLOCKED,BLOCKED
fi-0679,inconsistent_run_context,True,passed,True,True,pass,granted,False,True,VALID,BLOCKED,BLOCKED
fi-0680,inconsistent_run_context,True,passed,True,True,pass,granted,False,True,VALID,BLOCKED,BLOCKED
fi-0681,inconsistent_run_context,True,passed,True,True,pass,granted,False,True,VALID,BLOCKED,BLOCKED
fi-0682,inconsistent_run_context,True,passed,True,True,pass,granted,False,True,VALID,BLOCKED,BLOCKED
fi-0683,inconsistent_run_context,True,passed,True,True,pass,granted,False,True,VALID,BLOCKED,BLOCKED
fi-0684,inconsistent_run_context,True,passed,True,True,pass,granted,False,True,VALID,BLOCKED,BLOCKED
fi-0685,inconsistent_run_context,True,passed,True,True,pass,granted,False,True,VALID,BLOCKED,BLOCKED
fi-0686,inconsistent_run_context,True,passed,True,True,pass,granted,False,True,VALID,BLOCKED,BLOCKED
fi-0687,inconsistent_run_context,True,passed,True,True,pass,granted,False,True,VALID,BLOCKED,BLOCKED
fi-0688,inconsistent_run_context,True,passed,True,True,pass,granted,False,True,VALID,BLOCKED,BLOCKED
fi-0689,inconsistent_run_context,True,passed,True,True,pass,granted,False,True,VALID,BLOCKED,BLOCKED
fi-0690,inconsistent_run_context,True,passed,True,True,pass,granted,False,True,VALID,BLOCKED,BLOCKED
fi-0691,inconsistent_run_context,True,passed,True,True,pass,granted,False,True,VALID,BLOCKED,BLOCKED
fi-0692,inconsistent_run_context,True,passed,True,True,pass,granted,False,True,VALID,BLOCKED,BLOCKED
fi-0693,inconsistent_run_context,True,passed,True,True,pass,granted,False,True,VALID,BLOCKED,BLOCKED
fi-0694,inconsistent_run_context,True,passed,True,True,pass,granted,False,True,VALID,BLOCKED,BLOCKED
fi-0695,inconsistent_run_context,True,passed,True,True,pass,granted,False,True,VALID,BLOCKED,BLOCKED
fi-0696,inconsistent_run_context,True,passed,True,True,pass,granted,False,True,VALID,BLOCKED,BLOCKED
fi-0697,inconsistent_run_context,True,passed,True,True,pass,granted,False,True,VALID,BLOCKED,BLOCKED
fi-0698,inconsistent_run_context,True,passed,True,True,pass,granted,False,True,VALID,BLOCKED,BLOCKED
fi-0699,inconsistent_run_context,True,passed,True,True,pass,granted,False,True,VALID,BLOCKED,BLOCKED
fi-0700,inconsistent_run_context,True,passed,True,True,pass,granted,False,True,VALID,BLOCKED,BLOCKED
fi-0701,unavailable_audit_run,True,passed,True,True,pass,granted,True,False,VALID,BLOCKED,BLOCKED
fi-0702,unavailable_audit_run,True,passed,True,True,pass,granted,True,False,VALID,BLOCKED,BLOCKED
fi-0703,unavailable_audit_run,True,passed,True,True,pass,granted,True,False,VALID,BLOCKED,BLOCKED
fi-0704,unavailable_audit_run,True,passed,True,True,pass,granted,True,False,VALID,BLOCKED,BLOCKED
fi-0705,unavailable_audit_run,True,passed,True,True,pass,granted,True,False,VALID,BLOCKED,BLOCKED
fi-0706,unavailable_audit_run,True,passed,True,True,pass,granted,True,False,VALID,BLOCKED,BLOCKED
fi-0707,unavailable_audit_run,True,passed,True,True,pass,granted,True,False,VALID,BLOCKED,BLOCKED
fi-0708,unavailable_audit_run,True,passed,True,True,pass,granted,True,False,VALID,BLOCKED,BLOCKED
fi-0709,unavailable_audit_run,True,passed,True,True,pass,granted,True,False,VALID,BLOCKED,BLOCKED
fi-0710,unavailable_audit_run,True,passed,True,True,pass,granted,True,False,VALID,BLOCKED,BLOCKED
fi-0711,unavailable_audit_run,True,passed,True,True,pass,granted,True,False,VALID,BLOCKED,BLOCKED
fi-0712,unavailable_audit_run,True,passed,True,True,pass,granted,True,False,VALID,BLOCKED,BLOCKED
fi-0713,unavailable_audit_run,True,passed,True,True,pass,granted,True,False,VALID,BLOCKED,BLOCKED
fi-0714,unavailable_audit_run,True,passed,True,True,pass,granted,True,False,VALID,BLOCKED,BLOCKED
fi-0715,unavailable_audit_run,True,passed,True,True,pass,granted,True,False,VALID,BLOCKED,BLOCKED
fi-0716,unavailable_audit_run,True,passed,True,True,pass,granted,True,False,VALID,BLOCKED,BLOCKED
fi-0717,unavailable_audit_run,True,passed,True,True,pass,granted,True,False,VALID,BLOCKED,BLOCKED
fi-0718,unavailable_audit_run,True,passed,True,True,pass,granted,True,False,VALID,BLOCKED,BLOCKED
fi-0719,unavailable_audit_run,True,passed,True,True,pass,granted,True,False,VALID,BLOCKED,BLOCKED
fi-0720,unavailable_audit_run,True,passed,True,True,pass,granted,True,False,VALID,BLOCKED,BLOCKED
fi-0721,unavailable_audit_run,True,passed,True,True,pass,granted,True,False,VALID,BLOCKED,BLOCKED
fi-0722,unavailable_audit_run,True,passed,True,True,pass,granted,True,False,VALID,BLOCKED,BLOCKED
fi-0723,unavailable_audit_run,True,passed,True,True,pass,granted,True,False,VALID,BLOCKED,BLOCKED
fi-0724,unavailable_audit_run,True,passed,True,True,pass,granted,True,False,VALID,BLOCKED,BLOCKED
fi-0725,unavailable_audit_run,True,passed,True,True,pass,granted,True,False,VALID,BLOCKED,BLOCKED
fi-0726,unavailable_audit_run,True,passed,True,True,pass,granted,True,False,VALID,BLOCKED,BLOCKED
fi-0727,unavailable_audit_run,True,passed,True,True,pass,granted,True,False,VALID,BLOCKED,BLOCKED
fi-0728,unavailable_audit_run,True,passed,True,True,pass,granted,True,False,VALID,BLOCKED,BLOCKED
fi-0729,unavailable_audit_run,True,passed,True,True,pass,granted,True,False,VALID,BLOCKED,BLOCKED
fi-0730,unavailable_audit_run,True,passed,True,True,pass,granted,True,False,VALID,BLOCKED,BLOCKED
fi-0731,unavailable_audit_run,True,passed,True,True,pass,granted,True,False,VALID,BLOCKED,BLOCKED
fi-0732,unavailable_audit_run,True,passed,True,True,pass,granted,True,False,VALID,BLOCKED,BLOCKED
fi-0733,unavailable_audit_run,True,passed,True,True,pass,granted,True,False,VALID,BLOCKED,BLOCKED
fi-0734,unavailable_audit_run,True,passed,True,True,pass,granted,True,False,VALID,BLOCKED,BLOCKED
fi-0735,unavailable_audit_run,True,passed,True,True,pass,granted,True,False,VALID,BLOCKED,BLOCKED
fi-0736,unavailable_audit_run,True,passed,True,True,pass,granted,True,False,VALID,BLOCKED,BLOCKED
fi-0737,unavailable_audit_run,True,passed,True,True,pass,granted,True,False,VALID,BLOCKED,BLOCKED
fi-0738,unavailable_audit_run,True,passed,True,True,pass,granted,True,False,VALID,BLOCKED,BLOCKED
fi-0739,unavailable_audit_run,True,passed,True,True,pass,granted,True,False,VALID,BLOCKED,BLOCKED
fi-0740,unavailable_audit_run,True,passed,True,True,pass,granted,True,False,VALID,BLOCKED,BLOCKED
fi-0741,unavailable_audit_run,True,passed,True,True,pass,granted,True,False,VALID,BLOCKED,BLOCKED
fi-0742,unavailable_audit_run,True,passed,True,True,pass,granted,True,False,VALID,BLOCKED,BLOCKED
fi-0743,unavailable_audit_run,True,passed,True,True,pass,granted,True,False,VALID,BLOCKED,BLOCKED
fi-0744,unavailable_audit_run,True,passed,True,True,pass,granted,True,False,VALID,BLOCKED,BLOCKED
fi-0745,unavailable_audit_run,True,passed,True,True,pass,granted,True,False,VALID,BLOCKED,BLOCKED
fi-0746,unavailable_audit_run,True,passed,True,True,pass,granted,True,False,VALID,BLOCKED,BLOCKED
fi-0747,unavailable_audit_run,True,passed,True,True,pass,granted,True,False,VALID,BLOCKED,BLOCKED
fi-0748,unavailable_audit_run,True,passed,True,True,pass,granted,True,False,VALID,BLOCKED,BLOCKED
fi-0749,unavailable_audit_run,True,passed,True,True,pass,granted,True,False,VALID,BLOCKED,BLOCKED
fi-0750,unavailable_audit_run,True,passed,True,True,pass,granted,True,False,VALID,BLOCKED,BLOCKED
fi-0751,unavailable_audit_run,True,passed,True,True,pass,granted,True,False,VALID,BLOCKED,BLOCKED
fi-0752,unavailable_audit_run,True,passed,True,True,pass,granted,True,False,VALID,BLOCKED,BLOCKED
fi-0753,unavailable_audit_run,True,passed,True,True,pass,granted,True,False,VALID,BLOCKED,BLOCKED
fi-0754,unavailable_audit_run,True,passed,True,True,pass,granted,True,False,VALID,BLOCKED,BLOCKED
fi-0755,unavailable_audit_run,True,passed,True,True,pass,granted,True,False,VALID,BLOCKED,BLOCKED
fi-0756,unavailable_audit_run,True,passed,True,True,pass,granted,True,False,VALID,BLOCKED,BLOCKED
fi-0757,unavailable_audit_run,True,passed,True,True,pass,granted,True,False,VALID,BLOCKED,BLOCKED
fi-0758,unavailable_audit_run,True,passed,True,True,pass,granted,True,False,VALID,BLOCKED,BLOCKED
fi-0759,unavailable_audit_run,True,passed,True,True,pass,granted,True,False,VALID,BLOCKED,BLOCKED
fi-0760,unavailable_audit_run,True,passed,True,True,pass,granted,True,False,VALID,BLOCKED,BLOCKED
fi-0761,unavailable_audit_run,True,passed,True,True,pass,granted,True,False,VALID,BLOCKED,BLOCKED
fi-0762,unavailable_audit_run,True,passed,True,True,pass,granted,True,False,VALID,BLOCKED,BLOCKED
fi-0763,unavailable_audit_run,True,passed,True,True,pass,granted,True,False,VALID,BLOCKED,BLOCKED
fi-0764,unavailable_audit_run,True,passed,True,True,pass,granted,True,False,VALID,BLOCKED,BLOCKED
fi-0765,unavailable_audit_run,True,passed,True,True,pass,granted,True,False,VALID,BLOCKED,BLOCKED
fi-0766,unavailable_audit_run,True,passed,True,True,pass,granted,True,False,VALID,BLOCKED,BLOCKED
fi-0767,unavailable_audit_run,True,passed,True,True,pass,granted,True,False,VALID,BLOCKED,BLOCKED
fi-0768,unavailable_audit_run,True,passed,True,True,pass,granted,True,False,VALID,BLOCKED,BLOCKED
fi-0769,unavailable_audit_run,True,passed,True,True,pass,granted,True,False,VALID,BLOCKED,BLOCKED
fi-0770,unavailable_audit_run,True,passed,True,True,pass,granted,True,False,VALID,BLOCKED,BLOCKED
fi-0771,unavailable_audit_run,True,passed,True,True,pass,granted,True,False,VALID,BLOCKED,BLOCKED
fi-0772,unavailable_audit_run,True,passed,True,True,pass,granted,True,False,VALID,BLOCKED,BLOCKED
fi-0773,unavailable_audit_run,True,passed,True,True,pass,granted,True,False,VALID,BLOCKED,BLOCKED
fi-0774,unavailable_audit_run,True,passed,True,True,pass,granted,True,False,VALID,BLOCKED,BLOCKED
fi-0775,unavailable_audit_run,True,passed,True,True,pass,granted,True,False,VALID,BLOCKED,BLOCKED
fi-0776,unavailable_audit_run,True,passed,True,True,pass,granted,True,False,VALID,BLOCKED,BLOCKED
fi-0777,unavailable_audit_run,True,passed,True,True,pass,granted,True,False,VALID,BLOCKED,BLOCKED
fi-0778,unavailable_audit_run,True,passed,True,True,pass,granted,True,False,VALID,BLOCKED,BLOCKED
fi-0779,unavailable_audit_run,True,passed,True,True,pass,granted,True,False,VALID,BLOCKED,BLOCKED
fi-0780,unavailable_audit_run,True,passed,True,True,pass,granted,True,False,VALID,BLOCKED,BLOCKED
fi-0781,unavailable_audit_run,True,passed,True,True,pass,granted,True,False,VALID,BLOCKED,BLOCKED
fi-0782,unavailable_audit_run,True,passed,True,True,pass,granted,True,False,VALID,BLOCKED,BLOCKED
fi-0783,unavailable_audit_run,True,passed,True,True,pass,granted,True,False,VALID,BLOCKED,BLOCKED
fi-0784,unavailable_audit_run,True,passed,True,True,pass,granted,True,False,VALID,BLOCKED,BLOCKED
fi-0785,unavailable_audit_run,True,passed,True,True,pass,granted,True,False,VALID,BLOCKED,BLOCKED
fi-0786,unavailable_audit_run,True,passed,True,True,pass,granted,True,False,VALID,BLOCKED,BLOCKED
fi-0787,unavailable_audit_run,True,passed,True,True,pass,granted,True,False,VALID,BLOCKED,BLOCKED
fi-0788,unavailable_audit_run,True,passed,True,True,pass,granted,True,False,VALID,BLOCKED,BLOCKED
fi-0789,unavailable_audit_run,True,passed,True,True,pass,granted,True,False,VALID,BLOCKED,BLOCKED
fi-0790,unavailable_audit_run,True,passed,True,True,pass,granted,True,False,VALID,BLOCKED,BLOCKED
fi-0791,unavailable_audit_run,True,passed,True,True,pass,granted,True,False,VALID,BLOCKED,BLOCKED
fi-0792,unavailable_audit_run,True,passed,True,True,pass,granted,True,False,VALID,BLOCKED,BLOCKED
fi-0793,unavailable_audit_run,True,passed,True,True,pass,granted,True,False,VALID,BLOCKED,BLOCKED
fi-0794,unavailable_audit_run,True,passed,True,True,pass,granted,True,False,VALID,BLOCKED,BLOCKED
fi-0795,unavailable_audit_run,True,passed,True,True,pass,granted,True,False,VALID,BLOCKED,BLOCKED
fi-0796,unavailable_audit_run,True,passed,True,True,pass,granted,True,False,VALID,BLOCKED,BLOCKED
fi-0797,unavailable_audit_run,True,passed,True,True,pass,granted,True,False,VALID,BLOCKED,BLOCKED
fi-0798,unavailable_audit_run,True,passed,True,True,pass,granted,True,False,VALID,BLOCKED,BLOCKED
fi-0799,unavailable_audit_run,True,passed,True,True,pass,granted,True,False,VALID,BLOCKED,BLOCKED
fi-0800,unavailable_audit_run,True,passed,True,True,pass,granted,True,False,VALID,BLOCKED,BLOCKED
fi-0801,partial_evidence,True,passed,False,True,pass,granted,True,True,VALID,BLOCKED,BLOCKED
fi-0802,partial_evidence,True,passed,False,True,pass,granted,True,True,VALID,BLOCKED,BLOCKED
fi-0803,partial_evidence,True,passed,False,True,pass,granted,True,True,VALID,BLOCKED,BLOCKED
fi-0804,partial_evidence,True,passed,False,True,pass,granted,True,True,VALID,BLOCKED,BLOCKED
fi-0805,partial_evidence,True,passed,False,True,pass,granted,True,True,VALID,BLOCKED,BLOCKED
fi-0806,partial_evidence,True,passed,False,True,pass,granted,True,True,VALID,BLOCKED,BLOCKED
fi-0807,partial_evidence,True,passed,False,True,pass,granted,True,True,VALID,BLOCKED,BLOCKED
fi-0808,partial_evidence,True,passed,False,True,pass,granted,True,True,VALID,BLOCKED,BLOCKED
fi-0809,partial_evidence,True,passed,False,True,pass,granted,True,True,VALID,BLOCKED,BLOCKED
fi-0810,partial_evidence,True,passed,False,True,pass,granted,True,True,VALID,BLOCKED,BLOCKED
fi-0811,partial_evidence,True,passed,False,True,pass,granted,True,True,VALID,BLOCKED,BLOCKED
fi-0812,partial_evidence,True,passed,False,True,pass,granted,True,True,VALID,BLOCKED,BLOCKED
fi-0813,partial_evidence,True,passed,False,True,pass,granted,True,True,VALID,BLOCKED,BLOCKED
fi-0814,partial_evidence,True,passed,False,True,pass,granted,True,True,VALID,BLOCKED,BLOCKED
fi-0815,partial_evidence,True,passed,False,True,pass,granted,True,True,VALID,BLOCKED,BLOCKED
fi-0816,partial_evidence,True,passed,False,True,pass,granted,True,True,VALID,BLOCKED,BLOCKED
fi-0817,partial_evidence,True,passed,False,True,pass,granted,True,True,VALID,BLOCKED,BLOCKED
fi-0818,partial_evidence,True,passed,False,True,pass,granted,True,True,VALID,BLOCKED,BLOCKED
fi-0819,partial_evidence,True,passed,False,True,pass,granted,True,True,VALID,BLOCKED,BLOCKED
fi-0820,partial_evidence,True,passed,False,True,pass,granted,True,True,VALID,BLOCKED,BLOCKED
fi-0821,partial_evidence,True,passed,False,True,pass,granted,True,True,VALID,BLOCKED,BLOCKED
fi-0822,partial_evidence,True,passed,False,True,pass,granted,True,True,VALID,BLOCKED,BLOCKED
fi-0823,partial_evidence,True,passed,False,True,pass,granted,True,True,VALID,BLOCKED,BLOCKED
fi-0824,partial_evidence,True,passed,False,True,pass,granted,True,True,VALID,BLOCKED,BLOCKED
fi-0825,partial_evidence,True,passed,False,True,pass,granted,True,True,VALID,BLOCKED,BLOCKED
fi-0826,partial_evidence,True,passed,False,True,pass,granted,True,True,VALID,BLOCKED,BLOCKED
fi-0827,partial_evidence,True,passed,False,True,pass,granted,True,True,VALID,BLOCKED,BLOCKED
fi-0828,partial_evidence,True,passed,False,True,pass,granted,True,True,VALID,BLOCKED,BLOCKED
fi-0829,partial_evidence,True,passed,False,True,pass,granted,True,True,VALID,BLOCKED,BLOCKED
fi-0830,partial_evidence,True,passed,False,True,pass,granted,True,True,VALID,BLOCKED,BLOCKED
fi-0831,partial_evidence,True,passed,False,True,pass,granted,True,True,VALID,BLOCKED,BLOCKED
fi-0832,partial_evidence,True,passed,False,True,pass,granted,True,True,VALID,BLOCKED,BLOCKED
fi-0833,partial_evidence,True,passed,False,True,pass,granted,True,True,VALID,BLOCKED,BLOCKED
fi-0834,partial_evidence,True,passed,False,True,pass,granted,True,True,VALID,BLOCKED,BLOCKED
fi-0835,partial_evidence,True,passed,False,True,pass,granted,True,True,VALID,BLOCKED,BLOCKED
fi-0836,partial_evidence,True,passed,False,True,pass,granted,True,True,VALID,BLOCKED,BLOCKED
fi-0837,partial_evidence,True,passed,False,True,pass,granted,True,True,VALID,BLOCKED,BLOCKED
fi-0838,partial_evidence,True,passed,False,True,pass,granted,True,True,VALID,BLOCKED,BLOCKED
fi-0839,partial_evidence,True,passed,False,True,pass,granted,True,True,VALID,BLOCKED,BLOCKED
fi-0840,partial_evidence,True,passed,False,True,pass,granted,True,True,VALID,BLOCKED,BLOCKED
fi-0841,partial_evidence,True,passed,False,True,pass,granted,True,True,VALID,BLOCKED,BLOCKED
fi-0842,partial_evidence,True,passed,False,True,pass,granted,True,True,VALID,BLOCKED,BLOCKED
fi-0843,partial_evidence,True,passed,False,True,pass,granted,True,True,VALID,BLOCKED,BLOCKED
fi-0844,partial_evidence,True,passed,False,True,pass,granted,True,True,VALID,BLOCKED,BLOCKED
fi-0845,partial_evidence,True,passed,False,True,pass,granted,True,True,VALID,BLOCKED,BLOCKED
fi-0846,partial_evidence,True,passed,False,True,pass,granted,True,True,VALID,BLOCKED,BLOCKED
fi-0847,partial_evidence,True,passed,False,True,pass,granted,True,True,VALID,BLOCKED,BLOCKED
fi-0848,partial_evidence,True,passed,False,True,pass,granted,True,True,VALID,BLOCKED,BLOCKED
fi-0849,partial_evidence,True,passed,False,True,pass,granted,True,True,VALID,BLOCKED,BLOCKED
fi-0850,partial_evidence,True,passed,False,True,pass,granted,True,True,VALID,BLOCKED,BLOCKED
fi-0851,partial_evidence,True,passed,False,True,pass,granted,True,True,VALID,BLOCKED,BLOCKED
fi-0852,partial_evidence,True,passed,False,True,pass,granted,True,True,VALID,BLOCKED,BLOCKED
fi-0853,partial_evidence,True,passed,False,True,pass,granted,True,True,VALID,BLOCKED,BLOCKED
fi-0854,partial_evidence,True,passed,False,True,pass,granted,True,True,VALID,BLOCKED,BLOCKED
fi-0855,partial_evidence,True,passed,False,True,pass,granted,True,True,VALID,BLOCKED,BLOCKED
fi-0856,partial_evidence,True,passed,False,True,pass,granted,True,True,VALID,BLOCKED,BLOCKED
fi-0857,partial_evidence,True,passed,False,True,pass,granted,True,True,VALID,BLOCKED,BLOCKED
fi-0858,partial_evidence,True,passed,False,True,pass,granted,True,True,VALID,BLOCKED,BLOCKED
fi-0859,partial_evidence,True,passed,False,True,pass,granted,True,True,VALID,BLOCKED,BLOCKED
fi-0860,partial_evidence,True,passed,False,True,pass,granted,True,True,VALID,BLOCKED,BLOCKED
fi-0861,partial_evidence,True,passed,False,True,pass,granted,True,True,VALID,BLOCKED,BLOCKED
fi-0862,partial_evidence,True,passed,False,True,pass,granted,True,True,VALID,BLOCKED,BLOCKED
fi-0863,partial_evidence,True,passed,False,True,pass,granted,True,True,VALID,BLOCKED,BLOCKED
fi-0864,partial_evidence,True,passed,False,True,pass,granted,True,True,VALID,BLOCKED,BLOCKED
fi-0865,partial_evidence,True,passed,False,True,pass,granted,True,True,VALID,BLOCKED,BLOCKED
fi-0866,partial_evidence,True,passed,False,True,pass,granted,True,True,VALID,BLOCKED,BLOCKED
fi-0867,partial_evidence,True,passed,False,True,pass,granted,True,True,VALID,BLOCKED,BLOCKED
fi-0868,partial_evidence,True,passed,False,True,pass,granted,True,True,VALID,BLOCKED,BLOCKED
fi-0869,partial_evidence,True,passed,False,True,pass,granted,True,True,VALID,BLOCKED,BLOCKED
fi-0870,partial_evidence,True,passed,False,True,pass,granted,True,True,VALID,BLOCKED,BLOCKED
fi-0871,partial_evidence,True,passed,False,True,pass,granted,True,True,VALID,BLOCKED,BLOCKED
fi-0872,partial_evidence,True,passed,False,True,pass,granted,True,True,VALID,BLOCKED,BLOCKED
fi-0873,partial_evidence,True,passed,False,True,pass,granted,True,True,VALID,BLOCKED,BLOCKED
fi-0874,partial_evidence,True,passed,False,True,pass,granted,True,True,VALID,BLOCKED,BLOCKED
fi-0875,partial_evidence,True,passed,False,True,pass,granted,True,True,VALID,BLOCKED,BLOCKED
fi-0876,partial_evidence,True,passed,False,True,pass,granted,True,True,VALID,BLOCKED,BLOCKED
fi-0877,partial_evidence,True,passed,False,True,pass,granted,True,True,VALID,BLOCKED,BLOCKED
fi-0878,partial_evidence,True,passed,False,True,pass,granted,True,True,VALID,BLOCKED,BLOCKED
fi-0879,partial_evidence,True,passed,False,True,pass,granted,True,True,VALID,BLOCKED,BLOCKED
fi-0880,partial_evidence,True,passed,False,True,pass,granted,True,True,VALID,BLOCKED,BLOCKED
fi-0881,partial_evidence,True,passed,False,True,pass,granted,True,True,VALID,BLOCKED,BLOCKED
fi-0882,partial_evidence,True,passed,False,True,pass,granted,True,True,VALID,BLOCKED,BLOCKED
fi-0883,partial_evidence,True,passed,False,True,pass,granted,True,True,VALID,BLOCKED,BLOCKED
fi-0884,partial_evidence,True,passed,False,True,pass,granted,True,True,VALID,BLOCKED,BLOCKED
fi-0885,partial_evidence,True,passed,False,True,pass,granted,True,True,VALID,BLOCKED,BLOCKED
fi-0886,partial_evidence,True,passed,False,True,pass,granted,True,True,VALID,BLOCKED,BLOCKED
fi-0887,partial_evidence,True,passed,False,True,pass,granted,True,True,VALID,BLOCKED,BLOCKED
fi-0888,partial_evidence,True,passed,False,True,pass,granted,True,True,VALID,BLOCKED,BLOCKED
fi-0889,partial_evidence,True,passed,False,True,pass,granted,True,True,VALID,BLOCKED,BLOCKED
fi-0890,partial_evidence,True,passed,False,True,pass,granted,True,True,VALID,BLOCKED,BLOCKED
fi-0891,partial_evidence,True,passed,False,True,pass,granted,True,True,VALID,BLOCKED,BLOCKED
fi-0892,partial_evidence,True,passed,False,True,pass,granted,True,True,VALID,BLOCKED,BLOCKED
fi-0893,partial_evidence,True,passed,False,True,pass,granted,True,True,VALID,BLOCKED,BLOCKED
fi-0894,partial_evidence,True,passed,False,True,pass,granted,True,True,VALID,BLOCKED,BLOCKED
fi-0895,partial_evidence,True,passed,False,True,pass,granted,True,True,VALID,BLOCKED,BLOCKED
fi-0896,partial_evidence,True,passed,False,True,pass,granted,True,True,VALID,BLOCKED,BLOCKED
fi-0897,partial_evidence,True,passed,False,True,pass,granted,True,True,VALID,BLOCKED,BLOCKED
fi-0898,partial_evidence,True,passed,False,True,pass,granted,True,True,VALID,BLOCKED,BLOCKED
fi-0899,partial_evidence,True,passed,False,True,pass,granted,True,True,VALID,BLOCKED,BLOCKED
fi-0900,partial_evidence,True,passed,False,True,pass,granted,True,True,VALID,BLOCKED,BLOCKED
